url,titulo,preco_texto,preco_num,grid_id,descricao,comentario_enologo,premiacoes,sku_ld,brand_ld,uva,tipo,volume,harmonizacao,pais,regiao,safra,teor_alcoolico,amadurecimento,temperatura_servico
https://www.vinicolagoes.com.br/goes-wine-run,Góes Wine Run | Vinícola Góes,,,,,,,,,,,,,,,,,,
https://www.vinicolagoes.com.br/goes-wine-garden,Góes Wine Garden | Vinícola Góes,R$ 50,,,,,,,,,,,,,,,,,
https://www.vinicolagoes.com.br/goes-tradicao,Góes Tradição,"R$ 26,90",26.9,,,,,,,Moscato,Tinto,250ml,Carnes Brancas,,,,,,
https://www.vinicolagoes.com.br/tempos-de-goes,Tempos de Góes,"R$ 58,50",58.5,,,,,,,Cabernet Sauvignon,Tinto,750ml,Carnes Brancas,,,,,,
https://www.vinicolagoes.com.br/vinho-tinto-philosophia-cabernet-franc-2022-750ml,Vinho Tinto Philosophia Cabernet Franc 2022 - 750ml,"R$ 85,00",85.0,8670769,"Vinificação tradicional em tintos, desengace e esmagamento, seguido de maceração pré-fermentativa a frio por 3 a 4 dias, acompanhada de degustações diárias. Com a subida da temperatura até aproximadamente 20°C, é adicionada a levedura selecionada. Controle de temperatura para a fermentação alcoólica entre 19ºC e 22°C, remontagens diárias acompanhadas de degustações e delestagem diárias. Fermentação malolática em tanques de inox. COMENTÁRIO DO NOSSO ENÓLOGO "" Límpido e brilhante, apresenta excelente coloração e tonalidade vermelho rubi intenso e carmim profundo. Aroma frutado marcante e intenso para destaque de frutas vermelhas, morangos doces e um toque de pimenta negra com notas de carvalho elegantes. No paladar apresenta excelente estrutura em boca, acidez presente e equilibrada, taninos pungentes garantindo longevidade. Cassis e ameixa disputam o paladar atrativo. Final longo."" Fábio Góes - Enólogo da Vinícola Góes",""" Límpido e brilhante, apresenta excelente coloração e tonalidade vermelho rubi intenso e carmim profundo. Aroma frutado marcante e intenso para destaque de frutas vermelhas, morangos doces e um toque de pimenta negra com notas de carvalho elegantes. No paladar apresenta excelente estrutura em boca, acidez presente e equilibrada, taninos pungentes garantindo longevidade. Cassis e ameixa disputam o paladar atrativo. Final longo."" Fábio Góes - Enólogo da Vinícola Góes",SAFRA 2021 - 92 Pontos GRAND GOLD SAFRA 2020 - 93 Pontos GRAND GOLD,,Vinícola Góes,Cabernet Franc,Tinto,750ml,"Queijos Maturados,",Região,São Roque / SP,2022,"13,7%",12 meses em barricas de carvalho francês de 1º uso,16ºC a 17ºC
https://www.vinicolagoes.com.br/vinho-branco-casa-venturini-chardonnay-reserva-2023,Vinho Branco Casa Venturini Chardonnay Reserva 2023,"R$ 95,00",95.0,6888438,"O Vinho Branco Casa Venturini Chardonnay 2023 &eacute; uma express&atilde;o refinada da uva Chardonnay, cultivada na regi&atilde;o da Campanha Ga&uacute;cha, em Santana do Livramento - RS. Este vinho &eacute; elaborado 100% a partir da variedade Chardonnay, conhecida por sua versatilidade e capacidade de refletir as caracter&iacute;sticas do terroir.
O processo de vinifica&ccedil;&atilde;o tradicional inclui controle rigoroso de temperatura e uso de leveduras selecionadas para assegurar a qualidade e pureza do vinho. O resultado &eacute; um vinho l&iacute;mpido com colora&ccedil;&atilde;o amarelo palha e tons esverdeados, indicativos de sua juventude e frescor.
Ideal para acompanhar carnes brancas, peixes, queijos leves, saladas e canap&eacute;s. A combina&ccedil;&atilde;o perfeita para real&ccedil;ar os sabores delicados e a acidez equilibrada deste vinho.
COMENT&Aacute;RIO DO EN&Oacute;LOGO
&quot;Vinho l&iacute;mpido de colora&ccedil;&atilde;o amarelo palha com tons esverdeados. Possui uma intensidade inicial com aroma de frutas tropicais muito agrad&aacute;vel com um fundo de flores brancas caracter&iacute;stico da variedade. Apresenta no paladar uma boa intensidade com bastante frescor.&quot;&amp;nbsp;F&aacute;bio G&oacute;es, En&oacute;logo da Vin&iacute;cola G&oacute;es","""Vinho límpido de coloração amarelo palha com tons esverdeados. Possui uma intensidade inicial com aroma de frutas tropicais muito agradável com um fundo de flores brancas característico da variedade. Apresenta no paladar uma boa intensidade com bastante frescor."" Fábio Góes, Enólogo da Vinícola Góes",,,Casa Venturini,Chardonnay,Branco,750ml,"Carnes Brancas,",Região,Campanha Gaúcha / RS,2023,"13,8%",Em tanques de Inox com bâtonnage a cada 20 dias durante 6 meses.,8ºC a 10ºC
https://www.vinicolagoes.com.br/vinho-tinto-casa-venturini-tannat-2020,Vinho Tinto Casa Venturini Tannat Reserva 2020,"R$ 85,00",85.0,6888436,"O Vinho Tinto Casa Venturini Tannat 2020 &eacute; uma express&atilde;o elegante da variedade Tannat, origin&aacute;ria das regi&otilde;es da Campanha Ga&uacute;cha, em Santana do Livramento - RS. Este vinho &eacute; 100% elaborado a partir da uva Tannat, reconhecida por sua robustez e intensidade.
O processo de vinifica&ccedil;&atilde;o tradicional inclui desengace, esmagamento e fermenta&ccedil;&atilde;o alco&oacute;lica com temperatura controlada, al&eacute;m de delestagem di&aacute;ria, que proporciona um maior contato das cascas com o mosto, extraindo mais cor e taninos. O uso de leveduras selecionadas garante a pureza e a qualidade do processo fermentativo. Ap&oacute;s a fermenta&ccedil;&atilde;o, o vinho &eacute; envelhecido em barricas de carvalho americano, conferindo-lhe complexidade e eleg&acirc;ncia.
Ideal para acompanhar grelhados, carnes ex&oacute;ticas, queijos fortes e molhos condimentados. A combina&ccedil;&atilde;o perfeita para real&ccedil;ar os sabores intensos e a estrutura robusta deste vinho.
COMENT&Aacute;RIO DO EN&Oacute;LOGO
&quot;Vinho l&iacute;mpido e brilhante com colora&ccedil;&atilde;o intensa e tonalidade rubi viol&aacute;ceo. Aroma de frutas vermelhas, ameixa preta e especiarias. Apresenta paladar doce bem pronunciado, boa estrutura, taninos maduros e macios.&quot;&amp;nbsp;F&aacute;bio G&oacute;es, En&oacute;logo da Vin&iacute;cola G&oacute;es","""Vinho límpido e brilhante com coloração intensa e tonalidade rubi violáceo. Aroma de frutas vermelhas, ameixa preta e especiarias. Apresenta paladar doce bem pronunciado, boa estrutura, taninos maduros e macios."" Fábio Góes, Enólogo da Vinícola Góes",,,Casa Venturini,Tannat,Tinto,750ml,"Carnes Vermelhas,",Região,Campanha Gaúcha / RS,2020,13%,12 meses em barricas de carvalho americano,16ºC a 18ºC
https://www.vinicolagoes.com.br/vinho-tinto-concreto-cabernet-franc-syrah-2022,Vinho Tinto Concreto Cabernet Franc & Syrah 2023,"R$ 235,00",235.0,6877346,"Concreto Cabernet Franc &amp; Syrah &eacute; um vinho tinto fino seco, elaborado a partir das variedades 63% Cabernet Franc e 37% Syrah, com uvas cultivadas em S&atilde;o Roque/SP.
A colheita ocorreu no inverno de 2023. Sua vinifica&ccedil;&atilde;o tradicional inclui desengace, esmagamento e fermenta&ccedil;&atilde;o alco&oacute;lica em tanques de inox com remontagens di&aacute;rias, temperatura controlada e uso de leveduras selecionadas. A fermenta&ccedil;&atilde;o malol&aacute;tica foi espont&acirc;nea e a macera&ccedil;&atilde;o ocorreu durante a fermenta&ccedil;&atilde;o alco&oacute;lica.
Maturado por 5 meses em ovos de concreto, este vinho apresenta aspecto brilhante e colora&ccedil;&atilde;o intensa, com tonalidade rubi. Os aromas t&iacute;picos das variedades destacam frutas vermelhas como cereja e ameixa, caracter&iacute;sticas de um vinho jovem.
No paladar, possui m&eacute;dia estrutura de boca, leve adocicado com taninos maduros e macios. Ideal para acompanhar grelhados, queijos m&eacute;dios, risotos e molhos leves. Sirva entre 16&ordm;C e 18&ordm;C.
COMENT&Aacute;RIO DO EN&Oacute;LOGO
&quot;De aspecto brilhante e de colora&ccedil;&atilde;o intensa, com tonalidade rubi. Aroma t&iacute;pico das variedades com destaque para frutas vermelhas como cereja e ameixa, carcater&iacute;stico de vinho jovem. &amp;nbsp;No paladar apresenta m&eacute;dia estrutura de boca, leve adocicado com taninos maduros e macios.&quot; F&aacute;bio G&oacute;es - En&oacute;logo da Vin&iacute;cola G&oacute;es","""De aspecto brilhante e de coloração intensa, com tonalidade rubi. Aroma típico das variedades com destaque para frutas vermelhas como cereja e ameixa, carcaterístico de vinho jovem. No paladar apresenta média estrutura de boca, leve adocicado com taninos maduros e macios."" Fábio Góes - Enólogo da Vinícola Góes",,,Vinícola Góes,"Cabernet Franc,",Tinto,750ml,"Carnes Vermelhas,",Região,São Roque / SP,2023,"13,4%",5 meses em ovos de concreto,16ºC a 18ºC
https://www.vinicolagoes.com.br/vinho-branco-maestria-chardonnay-2023,Vinho Branco Maestria Chardonnay 2024,"R$ 235,00",235.0,6876809,"Maestria Chardonnay &eacute; um vinho branco fino seco elaborado com uvas da variedade Chardonnay cultivadas em Divinol&acirc;ndia, SP, e produzido em S&atilde;o Roque, SP.
Com fermenta&ccedil;&atilde;o integral, o mosto flor &eacute; encaminhado diretamente para barricas de carvalho franc&ecirc;s de primeiro uso, onde ocorre a fermenta&ccedil;&atilde;o malol&aacute;tica e o vinho permanece por 12 meses sobre as borras finas.
Durante os primeiros 6 meses da matura&ccedil;&atilde;o, foi realizada a batonagem a cada 15 dias. Apresenta aspecto l&iacute;mpido e brilhante, com colora&ccedil;&atilde;o amarelo palha.
Complexidade arom&aacute;tica com frutas tropicais maduras, abacaxi, figo, p&ecirc;ssego, baunilha e flores brancas. No paladar, possui boa intensidade, bom volume em boca, ataque doce com acidez equilibrada e persist&ecirc;ncia longa.
Harmoniza perfeitamente com pratos de peixes bem elaborados, aves assadas e recheadas, massas com molho branco, pratos da cozinha asi&aacute;tica e pizza quatro queijos. Sirva entre 8&ordm;C e 10&ordm;C.
COMENT&Aacute;RIO DO EN&Oacute;LOGO
&quot;De aspecto l&iacute;mpido e brilhante e colora&ccedil;&atilde;o amarelo palha. Uma complexidade arom&aacute;tica com frutas tropicais maduras, abacaxi, figo, p&ecirc;ssego, baunilha e flores brancas. Paladar com boa intensidade, bom volume em boca, ataque doce com acidez equilibrada e persist&ecirc;ncia longa.&quot; F&aacute;bio G&oacute;es - En&oacute;logo da Vin&iacute;cola G&oacute;es","""De aspecto límpido e brilhante e coloração amarelo palha. Uma complexidade aromática com frutas tropicais maduras, abacaxi, figo, pêssego, baunilha e flores brancas. Paladar com boa intensidade, bom volume em boca, ataque doce com acidez equilibrada e persistência longa."" Fábio Góes - Enólogo da Vinícola Góes",,,Vinícola Góes,Chardonnay,Branco,750ml,"Carnes Brancas,",Região,Divinolândia / SP,2024,13%,12 meses em barricas de carvalho francês de 1º uso,8ºC a 10ºC
https://www.vinicolagoes.com.br/philosophia-reserva-de-familia-85-anos-750ml,Philosophia Reserva de Família 85 anos - 750ml,"R$ 235,00",235.0,6863112,"Vinificação tradicional em tintos. Maceração pré fermentativa a frio por 4/5 dias, adição de leveduras selecionadas e controle de temperatura. Blend: Uma seleção de nossa equipe de enólogos, esse blend mostra toda a sua característica de nosso terroir, um vinho elegante, potente e encorpado. As porcentagens são: 2016 – 5% (essa safra em especial abrimos as garrafas para ir para as barricas, 2017 - 10%, 2018 - 10%, 2019 - 25%, 2020 - 25% e 2021 - 25%). COMENTÁRIO DO ENÓLOGO ""Límpido e brilhante, apresenta coloração vermelho rubi intenso. Aroma de frutas vermelhas, chocolate branco, amêndoas, pimentas pretas e especiarias. No paladar sabor equilibrado, corpo volumoso, boa acidez e taninos maduros. "" Fábio Góes - Enólogo da Vinícola Góes","""Límpido e brilhante, apresenta coloração vermelho rubi intenso. Aroma de frutas vermelhas, chocolate branco, amêndoas, pimentas pretas e especiarias. No paladar sabor equilibrado, corpo volumoso, boa acidez e taninos maduros. "" Fábio Góes - Enólogo da Vinícola Góes",,,Vinícola Góes,Cabernet Franc,Tinto,750ml,"Queijos Maturados,",Região,São Roque / SP,"2016,","13,9%",30 meses em barricas de carvalho francês de 1º uso,16ºC a 18ºC
https://www.vinicolagoes.com.br/vinho-tinto-goes-2000-blend-2023,Vinho Tinto Góes 2000 Blend 2023,"R$ 65,00",65.0,6878761,"G&oacute;es Blend 2000 &eacute; um vinho fino tinto seco que representa o in&iacute;cio da produ&ccedil;&atilde;o de uvas para vinhos finos pela G&oacute;es em 2000, refletindo a excel&ecirc;ncia da produ&ccedil;&atilde;o de S&atilde;o Roque. Elaborado com um blend de 42% Malbec, 34% Cabernet Franc e 24% Tannat, passa por uma vinifica&ccedil;&atilde;o tradicional em tintos com macera&ccedil;&atilde;o pr&eacute;-fermentativa a frio por 2 dias, adi&ccedil;&atilde;o de leveduras selecionadas e controle de temperatura.
Este vinho possui uma gradua&ccedil;&atilde;o alco&oacute;lica de 12,6% vol. e deve ser servido entre 16&ordm;C e 18&ordm;C. Com aspecto l&iacute;mpido e brilhante e bela colora&ccedil;&atilde;o rubi, apresenta aromas intensos de frutas vermelhas e negras, al&eacute;m de um ligeiro toque de fruta em calda doce. No paladar, destaca-se pela boa acidez e equil&iacute;brio, com taninos macios e frescos. A fruta fresca se repete na boca, com um final ligeiramente mentolado.
Maturado por 6 meses, sendo 60% em barricas de carvalho franc&ecirc;s e 40% em tanques de a&ccedil;o inox, este vinho &eacute; vers&aacute;til e f&aacute;cil de harmonizar. Como aperitivo, faz excelente par com embutidos como salame e copa, p&atilde;es de fermenta&ccedil;&atilde;o longa e queijos mais salgados. Para pratos, acompanha bem entradas de churrasco como asinhas de frango, carnes com menos gordura e massas com molho vermelho ou acompanhadas de vegetais. &Eacute; perfeito tamb&eacute;m para acompanhar espetinhos, inclusive os vegetarianos.
COMENT&Aacute;RIO DO EN&Oacute;LOGO
&quot;De aspecto l&iacute;mpido e brilhante. Bela colora&ccedil;&atilde;o rubi brilhante. Aromas intensos de frutas vermelhas e negras e ligeiro toque de fruta em calda doce. No paladar apresenta boa acidez e equil&iacute;brio, com taninos macios e frescos, a fruta fresca se repete na boca, com ligeiro final mentolado.&quot; F&aacute;bio G&oacute;es - En&oacute;logo da Vin&iacute;cola G&oacute;es","""De aspecto límpido e brilhante. Bela coloração rubi brilhante. Aromas intensos de frutas vermelhas e negras e ligeiro toque de fruta em calda doce. No paladar apresenta boa acidez e equilíbrio, com taninos macios e frescos, a fruta fresca se repete na boca, com ligeiro final mentolado."" Fábio Góes - Enólogo da Vinícola Góes",,,Vinícola Góes,"Malbec,",Tinto,750ml,"Queijos Maturados,",Região,São Roque / SP,2023,"12,6%","6 meses, 60% em barrica de carvalho francês e 40% em tanques de aço inox",16ºC a 18ºC
https://www.vinicolagoes.com.br/vinho-licoroso-edicao-especial-gumercindo-de-goes-2011,Vinho Licoroso Edição Especial Gumercindo de Góes 2011,"R$ 235,00",235.0,6878673,"O Vinho Licoroso Edi&ccedil;&atilde;o Especial Gumercindo de G&oacute;es &eacute; um vinho branco fortificado, elaborado a partir da variedade BRS Lorena. Proveniente de S&atilde;o Roque, no Leste de S&atilde;o Paulo, sua colheita ocorreu em fevereiro de 2011.
Durante a vinifica&ccedil;&atilde;o em branco, &eacute; feita a adi&ccedil;&atilde;o de leveduras selecionadas. A t&eacute;cnica de fortifica&ccedil;&atilde;o, que consiste na adi&ccedil;&atilde;o de &aacute;lcool v&iacute;nico durante a fermenta&ccedil;&atilde;o alco&oacute;lica, interrompe a fermenta&ccedil;&atilde;o e mant&eacute;m o a&ccedil;&uacute;car residual da uva no vinho. Este m&eacute;todo resulta em um vinho licoroso com grande estrutura e eleg&acirc;ncia.
Este vinho possui uma gradua&ccedil;&atilde;o alco&oacute;lica de 18,0% vol. e deve ser servido entre 8&ordm;C e 10&ordm;C. Com aspecto l&iacute;mpido e brilhante, apresenta uma intensa colora&ccedil;&atilde;o &acirc;mbar, decorrente dos 8 anos de matura&ccedil;&atilde;o em barricas de carvalho franc&ecirc;s e americano de 4&ordm;, 5&ordm; e 6&ordm; uso.
Aromas destacam-se por suas excelentes caracter&iacute;sticas, com notas de uva passa, mel, am&ecirc;ndoas, especiarias como cravo e canela, e tabaco, resultando em um bouquet fino e rico. No paladar, revela uma acidez equilibrada, complexidade not&aacute;vel e eleg&acirc;ncia, demonstrando a generosidade da uva Lorena.
A harmoniza&ccedil;&atilde;o &eacute; perfeita com queijos azuis, como gorgonzola e roquefort, azeitonas (pat&ecirc; ou em conserva) e entradas com mel e pimenta vermelha, como bruschettas ou canap&eacute;s. Para sobremesas, acompanha bem doces com castanhas (nozes, am&ecirc;ndoas, castanha do Par&aacute; ou de caju), frutas secas como damascos e figos, e chocolate meio amargo.
COMENT&Aacute;RIO DO EN&Oacute;LOGO
&quot;Amor a terra, respeito &agrave; hist&oacute;ria e inova&ccedil;&atilde;o nos permitem chegar a esse excelente vinho Licoroso feito com a uva Lorena. Fruto do terroir paulista e do estudo e tecnologia que nos movem em cada garrafa.&quot; F&aacute;bio G&oacute;es - En&oacute;logo da Vin&iacute;cola G&oacute;es","""Amor a terra, respeito à história e inovação nos permitem chegar a esse excelente vinho Licoroso feito com a uva Lorena. Fruto do terroir paulista e do estudo e tecnologia que nos movem em cada garrafa."" Fábio Góes - Enólogo da Vinícola Góes",,,Vinícola Góes,Lorena,Branco,700ml,"Queijos Maturados,",Região,São Roque / SP,2011,18%,"8 anos em barricas de carvalho francês e americano de 4º, 5º e 6º uso",8ºC a 10ºC
https://www.vinicolagoes.com.br/vinho-tinto-simis-carmenere-reserva-2019,Vinho Tinto Simis Carménère Reserva 2019,"R$ 96,00",96.0,6878009,"Simis Carm&eacute;n&egrave;re Reserva 2019 &eacute; um vinho tinto fino seco, elaborado a partir da variedade Carm&eacute;n&egrave;re, com origem na Vi&ntilde;a Santa Irene, Chile, regi&atilde;o do Vale do Curic&oacute;, situado a 200 km ao sul de Santiago, considerado um dos melhores terroirs para vinhos tintos.
O clima mediterr&acirc;neo, influenciado pelas frias correntes que sopram do Pac&iacute;fico, contribui para a qualidade das uvas.
A vinifica&ccedil;&atilde;o tradicional em tinto inclui macera&ccedil;&atilde;o pr&eacute;-fermentativa a frio por 3 dias, adi&ccedil;&atilde;o de leveduras selecionadas, fermenta&ccedil;&atilde;o alco&oacute;lica de 7 a 10 dias com remontagens di&aacute;rias e controle de temperatura. A fermenta&ccedil;&atilde;o malol&aacute;tica &eacute; seguida de 6 meses de matura&ccedil;&atilde;o em carvalho (60% americano e 40% franc&ecirc;s de 2&ordm; e 3&ordm; uso) e mais 4 meses em garrafa.
Com teor alco&oacute;lico de 13,5% vol., este vinho deve ser servido entre 16&ordm;C e 18&ordm;C. Apresenta cor vermelho intenso e viol&aacute;ceo, com aromas frutados de cereja madura, pimenta negra, especiarias, baunilha e chocolate ao leite. No paladar, &eacute; equilibrado, com corpo m&eacute;dio a longo, taninos macios e um sabor agrad&aacute;vel e de f&aacute;cil consumo.
Ideal para acompanhar queijos defumados ou temperados, entradas fritas como frango &agrave; passarinho, aperitivos em geral, pizza de pepperoni, calabresa e vegetariana, carnes na brasa com molho chimichurri, espetinhos, bacalhau assado com piment&atilde;o, tomate e batatas, al&eacute;m de nhoque ao sugo.
COMENT&Aacute;RIO DO EN&Oacute;LOGO
&quot;Vinho l&iacute;mpido e brilhante, com colora&ccedil;&atilde;o vermelho intenso, viol&aacute;ceo.Vinho jovem, muito frutado com destaque para cereja bem madura, pimenta negra, especiarias, baunilha e chocolate ao leite. Possui sabor equilibrado, corpo m&eacute;dio a longo, tanino macio, vinho saboroso e de f&aacute;cil consumo.&quot; F&aacute;bio G&oacute;es - En&oacute;logo da Vin&iacute;cola G&oacute;es","""Vinho límpido e brilhante, com coloração vermelho intenso, violáceo.Vinho jovem, muito frutado com destaque para cereja bem madura, pimenta negra, especiarias, baunilha e chocolate ao leite. Possui sabor equilibrado, corpo médio a longo, tanino macio, vinho saboroso e de fácil consumo."" Fábio Góes - Enólogo da Vinícola Góes { ""image1"": ""https://cdn.dooca.store/158171/products/pr6hivs0nbip9feccfcb1cmaniy91vw5lzgh.jpg?v=1722542894"", ""image2"": """", ""grid_id"": ""6878009"", ""price"": ""\n\n\n\n<style>\n .product-card-price:not(.f-creditcard):not(.f-billet-cc) b {\n font-weight: normal;\n font-size: var(--tx-fs, 14px);\n }\n<\/style>\n\n<div class=\""product-card-price m-final \"">\n \n <div class=\""final\"">\n <div class=\""price\"">R$ 96,00<\/div>\n <\/div>\n \n \n \n \n \n \n \n<\/div>"" } Explore Vinhos Espumantes Sucos Grape Cool Coolers Kits Institucional Vinícola Enoturismo Política de Frete Trocas e Devoluções Política de Privacidade Mais Blog Cupom 1ª Compra CashBack English Version Central de atendimento faleconosco@vinicolagoes.com.br call Vinícola: 11 4711.3500 Enoturismo: 11 99787.0588 Seg a Sex das 8h-12h / 14h-17h Receba novidades e promoções OK Cadastro realizado com sucesso E-mail já cadastrado Pagamento Segurança Vinho Tinto Simis Carménère Reserva 2019 | Vinícola Góes VITIVINICOLA GOES | CNPJ 57.563.334/0001-90 Estrada do Vinho, 9111 - Canguera - São Roque/SP - CEP 18.145-002 Criar loja virtual com a plataforma Bagy Utilizamos cookies para melhorar a sua experiência em nosso site. Ao continuar navegando você concorda com a nossa política de privacidade . Continuar e fechar",,,Viña Santa Irene,Carménère,Tinto,750ml,"Queijos Maturados,",,Vale do Curicó,2019,"13,5%","6 meses em carvalho americano e francês de 2º e 3º uso, mais 4 meses em garrafa",16ºC a 18ºC
https://www.vinicolagoes.com.br/vinho-tinto-tempos-de-goes-mineres-syrah-2020,Vinho Tinto Tempos de Góes Míneres Syrah 2022,"R$ 235,00",235.0,6876653,"Tempos de G&oacute;es M&iacute;neres Syrah &eacute; um vinho tinto fino seco, elaborado com 100% de uvas Syrah cultivadas em Andradas/MG e Itobi/SP, e vinificado em S&atilde;o Roque/SP.
A colheita de inverno, realizada em julho de 2022, e a vinifica&ccedil;&atilde;o tradicional com desengace e esmagamento dos gr&atilde;os, seguido de fermenta&ccedil;&atilde;o alco&oacute;lica com temperatura controlada e delestagem di&aacute;ria, conferem a este vinho sua qualidade excepcional.
Com 10 meses de matura&ccedil;&atilde;o em carvalho franc&ecirc;s de 1&ordm; e 2&ordm; uso, este Syrah apresenta uma cor rubi com reflexos p&uacute;rpura. Seu aroma elegante exibe notas de baunilha, tostado, especiarias como pimenta e noz-moscada, e muita amora fresca.
No paladar, destaca-se pelos taninos vigorosos e textura complexa, com notas de madeira de carvalho, alca&ccedil;uz e ameixas passas.
&Eacute; um vinho vers&aacute;til, ideal para harmonizar com fil&eacute;-mignon grelhado, pato assado, azeitonas pretas e queijos fortes e maturados. Sirva entre 15&ordm;C e 17&ordm;C para apreciar plenamente suas caracter&iacute;sticas.
COMENT&Aacute;RIO DO EN&Oacute;LOGO
&quot;Vinho tinto encorpado de cor rubi e reflexos purpura. Aroma elegante e pronunciado, exibe notas de baunilha, tostado, especiarias como pimenta e noz moscada, e muita amora fresca. No sabor apresenta taninos vigorosos, que acariciam o paladar numa textura complexa e marcante, de um ataque refrescante, longamente marcado pelas notas de madeira de carvalho, alca&ccedil;uz e ameixas passas. Vinho que se revela elegante e de excelente profundidade, pode ser degustado agora ou guardado por um m&eacute;dio tempo.&quot; F&aacute;bio G&oacute;es - En&oacute;logo da Vin&iacute;cola G&oacute;es","""Vinho tinto encorpado de cor rubi e reflexos purpura. Aroma elegante e pronunciado, exibe notas de baunilha, tostado, especiarias como pimenta e noz moscada, e muita amora fresca. No sabor apresenta taninos vigorosos, que acariciam o paladar numa textura complexa e marcante, de um ataque refrescante, longamente marcado pelas notas de madeira de carvalho, alcaçuz e ameixas passas. Vinho que se revela elegante e de excelente profundidade, pode ser degustado agora ou guardado por um médio tempo."" Fábio Góes - Enólogo da Vinícola Góes",,,Vinícola Góes,Syrah,Tinto,750ml,"Carnes Vermelhas,",Região,São Roque / SP,2022,"13,1%",10 meses em carvalho francês de 1º e 2º uso,15ºC a 17ºC
https://www.vinicolagoes.com.br/vinho-rose-goes-tempos-petalas-cabernet-franc-2023,Vinho Rosé Góes Tempos Pétalas Cabernet Franc 2023,"R$ 58,50",58.5,6876362,"O Vinho Ros&eacute; G&oacute;es Tempos P&eacute;talas Cabernet Franc Seco Fino &eacute; elaborado com a variedade Cabernet Franc, com uvas cultivadas em S&atilde;o Roque.
A vinifica&ccedil;&atilde;o do vinho ros&eacute; envolve o mosto em contato com a casca da uva por um curto per&iacute;odo (2 horas) em temperatura controlada, utilizando leveduras selecionadas. Esse breve tempo de macera&ccedil;&atilde;o confere ao vinho sua cor clara e aromas delicados.
Apresenta uma cor ros&eacute; l&iacute;mpida e brilhante, com aromas frutados de cereja, morango e mam&atilde;o, al&eacute;m de leves toques florais. No paladar, &eacute; cremoso, com acidez equilibrada e prolongada persist&ecirc;ncia.
&Eacute; um vinho jovem, vers&aacute;til e f&aacute;cil de agradar, ideal para ser servido entre 8&ordm;C e 10&ordm;C. Harmoniza bem com massas ao molho branco, risotos, carnes brancas, saladas e canap&eacute;s, sendo perfeito para momentos de descontra&ccedil;&atilde;o como praia, piscina e happy hours.
COMENT&Aacute;RIO DO EN&Oacute;LOGO
&quot;L&iacute;mpido e brilhante na cor ros&eacute;. No aroma notas frutadas especialmente de cereja, morango e mam&atilde;o, com leves toques florais. Sabor cremoso, de acidez equilibrada e prolongada persist&ecirc;ncia. Vinho jovem, para todos os dias, f&aacute;cil de agradar a todos. Vinho para praia, piscina, happy hours....&quot; F&aacute;bio G&oacute;es - En&oacute;logo da Vin&iacute;cola G&oacute;es","""Límpido e brilhante na cor rosé. No aroma notas frutadas especialmente de cereja, morango e mamão, com leves toques florais. Sabor cremoso, de acidez equilibrada e prolongada persistência. Vinho jovem, para todos os dias, fácil de agradar a todos. Vinho para praia, piscina, happy hours...."" Fábio Góes - Enólogo da Vinícola Góes",,,Vinícola Góes,Cabernet Franc,Rosé,750ml,"Carnes Brancas,",Região,São Roque / SP,2023,"12,5%",Tanques de aço inox,8ºC a 10ºC
https://www.vinicolagoes.com.br/vinho-branco-tempos-de-goes-sauvignon-blanc-reserva-2023,Vinho Branco Tempos de Góes Sauvignon Blanc Reserva 2024,"R$ 235,00",235.0,6875769,"Tempos de G&oacute;es Reserva Sauvignon Blanc &eacute; um vinho branco fino seco, produzido com 100% da variedade Sauvignon Blanc, origin&aacute;rio de S&atilde;o Roque, SP. A colheita de inverno de junho de 2024 resultou em um vinho de alta qualidade, vinificado de forma tradicional em brancos com controle de temperatura, desengace e prensagem pneum&aacute;tica, e adi&ccedil;&atilde;o de levedura selecionada. Este vinho apresenta uma cor amarelo claro, l&iacute;mpido e brilhante, com uma express&atilde;o arom&aacute;tica destacada que lembra figos, frutas tropicais como maracuj&aacute; e goiaba, al&eacute;m de um leve toque de especiarias e arruda. No paladar, tem uma boa estrutura, persist&ecirc;ncia de sabor, acidez pungente e frescor natural, com um retrogosto frutado. Ideal para ser servido entre 10&ordm;C e 12&ordm;C, harmonizando perfeitamente com saladas (sem vinagre), pratos vegetarianos com gr&atilde;os e ervas, tortas salgadas, peixes grelhados acompanhados de legumes, carne de porco assada com alecrim e alho, espaguete alho e &oacute;leo ou br&oacute;colis, bacalhau assado e risotos de frutos do mar. COMENT&Aacute;RIO DO EN&Oacute;LOGO &quot;Vinho l&iacute;mpido e brilhante, cor amarelo claro. &Oacute;tima express&atilde;o arom&aacute;tica, lembrando figos, frutas tropicais como maracuj&aacute; e goiaba, leve toque de especiarias e arruda. Paladar marcante com boa estrutura, persist&ecirc;ncia de sabor, personalidade, f&aacute;cil de consumir, acidez pungente, onde deixa o vinho mais longo e real&ccedil;a o seu frescor natural e o retrogosto frutado.&quot; F&aacute;bio G&oacute;es - En&oacute;logo da Vin&iacute;cola G&oacute;es","""Vinho límpido e brilhante, cor amarelo claro. Ótima expressão aromática, lembrando figos, frutas tropicais como maracujá e goiaba, leve toque de especiarias e arruda. Paladar marcante com boa estrutura, persistência de sabor, personalidade, fácil de consumir, acidez pungente, onde deixa o vinho mais longo e realça o seu frescor natural e o retrogosto frutado."" Fábio Góes - Enólogo da Vinícola Góes",,,Vinícola Góes,Sauvignon Blanc,Branco,750ml,"Carnes Suinas,",Região,São Roque / SP,2023,"12,9%",Tanques de aço inox,10ºC a 12ºC
https://www.vinicolagoes.com.br/vinho-tinto-tempos-de-goes-tannat-reserva-2023,Vinho Tinto Tempos de Góes Tannat Reserva 2023,"R$ 235,00",235.0,6875631,"Tempos de G&oacute;es Reserva Tannat &eacute; um vinho tinto fino seco, produzido com 100% da variedade Tannat, origin&aacute;rio de S&atilde;o Roque, SP.
A safra tradicional/ver&atilde;o resultou em um vinho de alta qualidade, vinificado de forma tradicional com macera&ccedil;&atilde;o pr&eacute;-fermentativa a frio por 2 dias, adi&ccedil;&atilde;o de levedura selecionada e controle rigoroso de temperatura.
Este vinho apresenta uma colora&ccedil;&atilde;o intensa com tonalidade rubi/viol&aacute;ceo, com destaque arom&aacute;tico para frutas vermelhas como framboesa e ameixa preta, al&eacute;m de especiarias.
Em boca, possui excelente estrutura e ataque de taninos firmes, tornando-o um vinho &oacute;timo para gastronomia.
&Eacute; ideal para ser servido entre 16&ordm;C a 18&ordm;C, harmonizando perfeitamente com grelhados, carnes ex&oacute;ticas, queijos fortes e molhos condimentados.
COMENT&Aacute;RIO DO EN&Oacute;LOGO
&quot;Vinho l&iacute;mpido e brilhante, com boa intensidade, colora&ccedil;&atilde;o intensa com tonalidade rubi viol&aacute;cio. Destaque arom&aacute;tico para frutas vermelhas, como framboesa, ameixa preta e especiarias. Apresenta excelente estrutura em boca, ataque de taninos firmes, vinho &oacute;timo para gastronomia.&quot; F&aacute;bio G&oacute;es - En&oacute;logo da Vin&iacute;cola G&oacute;es","""Vinho límpido e brilhante, com boa intensidade, coloração intensa com tonalidade rubi violácio. Destaque aromático para frutas vermelhas, como framboesa, ameixa preta e especiarias. Apresenta excelente estrutura em boca, ataque de taninos firmes, vinho ótimo para gastronomia."" Fábio Góes - Enólogo da Vinícola Góes",,,Vinícola Góes,Tannat,Tinto,750ml,"Carnes Vermelhas,",Região,São Roque / SP,2023,13%,4 meses em carvalho francês e americano de 2º e 3º uso,16ºC a 18ºC
https://www.vinicolagoes.com.br/vinho-tinto-tempos-de-goes-malbec-reserva-2023,Vinho Tinto Tempos de Góes Malbec Reserva 2023,"R$ 235,00",235.0,6875559,"Tempos de G&oacute;es Reserva Malbec &eacute; um vinho tinto fino seco, elaborado com a variedade Malbec, origin&aacute;rio de S&atilde;o Roque, no leste de S&atilde;o Paulo. 
A colheita de inverno de junho de 2023 resultou em um vinho de alta qualidade, vinificado de forma tradicional com macera&ccedil;&atilde;o pr&eacute;-fermentativa a frio por 2 dias, adi&ccedil;&atilde;o de levedura selecionada e controle rigoroso de temperatura. 
Este vinho apresenta uma colora&ccedil;&atilde;o vermelho rubi/viol&aacute;ceo de boa intensidade, com aromas destacando frutas vermelhas como mirtilo, groselha e cereja, al&eacute;m de notas sutis de carvalho, tutti-frutti, geleias e frutas em calda. 
Em boca, possui excelente estrutura, taninos equilibrados e presen&ccedil;a marcante, tornando-o um vinho &oacute;timo para a gastronomia. 
&Eacute; ideal para ser servido entre 16&ordm;C a 18&ordm;C, harmonizando perfeitamente com aperitivos como bolinho de carne seca, churrasco com molho adocicado, lingui&ccedil;as apimentadas, massas como rondelli recheado ao molho ros&eacute; e at&eacute; sobremesas como cheese cake de frutas vermelhas.
COMENT&Aacute;RIO DO EN&Oacute;LOGO
&quot;Vinho l&iacute;mpido e brilhante, com boa intensidade, vermelho rubi/viol&aacute;ceo. Destaque arom&aacute;tico para frutas vermelhas, como mirtilo, groselha, cereja, notas de carvalho sutis, tutti-frutti, gel&eacute;ias e frutas em calda. Apresenta excelente estrutura em boca, taninos presentes por&eacute;m equilibrados, vinho &oacute;timo para gastronomia.&quot; F&aacute;bio G&oacute;es - En&oacute;logo da Vin&iacute;cola G&oacute;es","""Vinho límpido e brilhante, com boa intensidade, vermelho rubi/violáceo. Destaque aromático para frutas vermelhas, como mirtilo, groselha, cereja, notas de carvalho sutis, tutti-frutti, geléias e frutas em calda. Apresenta excelente estrutura em boca, taninos presentes porém equilibrados, vinho ótimo para gastronomia."" Fábio Góes - Enólogo da Vinícola Góes",,,Vinícola Góes,Malbec,Tinto,750ml,"Carnes Vermelhas,",Região,São Roque / SP,2023,"13,1%",6 meses em carvalho francês de 2º uso,16ºC a 18ºC
https://www.vinicolagoes.com.br/goes-lotes-de-colecao-touriga-nacional-2022-750ml,Góes Lotes de Coleção Touriga Nacional 2023,"R$ 235,00",235.0,6873507,"O G&oacute;es Lotes de Cole&ccedil;&atilde;o Touriga Nacional &eacute; um vinho tinto fino seco, produzido a partir da variedade Touriga Nacional, origin&aacute;rio de S&atilde;o Roque, no sul paulista.
A colheita de inverno de junho de 2023 resultou em um vinho de alta qualidade, com vinifica&ccedil;&atilde;o tradicional em tintos, incluindo macera&ccedil;&atilde;o pr&eacute;-fermentativa a frio por 2 dias, adi&ccedil;&atilde;o de levedura selecionada e controle rigoroso de temperatura.
Este vinho apresenta uma colora&ccedil;&atilde;o vermelho rubi intenso e possui aromas de frutas negras como ameixa preta e framboesa negra, com um ligeiro toque mentolado.
No paladar, &eacute; macio desde o primeiro gole, com boa acidez, taninos finos mas bem presentes e um corpo m&eacute;dio.
&Eacute; essencial que seja servido na temperatura correta (16&ordm;C a 18&ordm;C) para apreciar plenamente seus amplos aromas e sabores, incluindo o retrogosto de cereja fresca.
Este vinho &eacute; um sucesso no churrasco, combinando bem com carnes na grelha, uma t&aacute;bua de frios e queijos, especialmente parmes&atilde;o, e massas com molhos vermelhos encorpados.
COMENT&Aacute;RIO DO EN&Oacute;LOGO
&quot;Vinho l&iacute;mpido e brilhante, vermelho rubi intenso. Possui aroma frutas negras como ameixa preta, framboesa negra e ligeiro mentolado no aroma. Paladar macio na boca desde o primeiro gole, &eacute; essencial que seja servido em temperatura correta, para n&atilde;o matar os aromas e os sabores que s&atilde;o muito amplos. Tem retrogosto de cereja fresca, boa acidez. Taninos finos mas bem presentes e bom corpo m&eacute;dio.&quot; F&aacute;bio G&oacute;es - En&oacute;logo da Vin&iacute;cola G&oacute;es","""Vinho límpido e brilhante, vermelho rubi intenso. Possui aroma frutas negras como ameixa preta, framboesa negra e ligeiro mentolado no aroma. Paladar macio na boca desde o primeiro gole, é essencial que seja servido em temperatura correta, para não matar os aromas e os sabores que são muito amplos. Tem retrogosto de cereja fresca, boa acidez. Taninos finos mas bem presentes e bom corpo médio."" Fábio Góes - Enólogo da Vinícola Góes",,,Vinícola Góes,Touriga Nacional,Tinto,750ml,"Carnes Vermelhas,",Região,São Roque / SP,2023,"12,9%",6 meses em carvalho francês de 1º e 2º uso,16ºC a 18ºC
https://www.vinicolagoes.com.br/goes-lotes-de-colecao-tinta-roriz-2023-750ml,Góes Lotes de Coleção Tinta Roriz 2023 - 750ml,"R$ 235,00",235.0,6873506,"Góes Lotes de Coleção Tinta Roriz é um vinho tinto fino seco. Variedade Tinta Roriz de origem 100% São Roque, sul paulista. Colheita de inverno, de junho de 2023. Vinificação tradicional em tintos, adição de levedura selecionada e controle de temperatura. Servir: de 16ºC a 18ºC. Graduação Alcoólica: 13%vol. Maturação: 100% do lote por 3 meses em carvalho francês de 1º e 2º uso. Volume: 750ml Harmonização: Muito versátil ele pode tanto acompanhar aquela bacalhoada ao forno, como um picadinho de carne com legumes e até uma massa com molho de cogumelos, carne de cordeiro assada e queijo brie. . Comentário do nosso enólogo sobre esse vinho Vinho límpido e brilhante, vermelho rubi/violáceo. Aroma muito sedutor, com frutas negras mais frescas, figo seco e um toque de especiarias. No paladar tem bom corpo médio, ligeiro terroso, boa acidez, final longo que pode lembrar maçãs cozidas, cacau e taninos delicados. Fábio Góes Enólogo da Vinícola Góes","sobre esse vinho Vinho límpido e brilhante, vermelho rubi/violáceo. Aroma muito sedutor, com frutas negras mais frescas, figo seco e um toque de especiarias. No paladar tem bom corpo médio, ligeiro terroso, boa acidez, final longo que pode lembrar maçãs cozidas, cacau e taninos delicados. Fábio Góes Enólogo da Vinícola Góes",,,Vinícola Góes,Tinta Roriz,Tinto,750ml,"Carnes Vermelhas,",Região,São Roque / SP,2023,13%,3 meses em carvalho francês de 1º e 2º uso,16ºC a 18ºC
https://www.vinicolagoes.com.br/goes-lotes-de-colecao-petit-verdot-2022-750ml,Góes Lotes de Coleção Petit Verdot 2023,"R$ 235,00",235.0,6873502,"O G&oacute;es Lotes de Cole&ccedil;&atilde;o Petit Verdot &eacute; um vinho tinto fino seco, elaborado com a variedade Petit Verdot, proveniente de S&atilde;o Roque.
A colheita de inverno de junho de 2022 resultou em um vinho de alta qualidade, com vinifica&ccedil;&atilde;o tradicional em tintos, incluindo macera&ccedil;&atilde;o pr&eacute;-fermentativa a frio por 2 dias, adi&ccedil;&atilde;o de levedura selecionada e controle rigoroso de temperatura.
Com 4 meses de matura&ccedil;&atilde;o em carvalho franc&ecirc;s de primeiro e segundo uso, este vinho apresenta uma colora&ccedil;&atilde;o vermelho rubi/viol&aacute;ceo, com aromas de groselha, violetas, frutas negras como amora em compota, e um leve toque de especiarias e s&aacute;lvia.
No paladar, &eacute; redondo, macio, com boa acidez e taninos agrad&aacute;veis. Ideal para harmonizar com frios defumados, churrasco com molho adocicado, lingui&ccedil;as grelhadas com ervas e alho, queijos fortes como gorgonzola e risoto de lingui&ccedil;a com ervas.
COMENT&Aacute;RIO DO EN&Oacute;LOGO
&quot;Vinho l&iacute;mpido e brilhante, vermelho rubi/viol&aacute;ceo. Aromas deliciosos de groselha, violetas (tradicional dessa variedade), frutas negras como a amora em compota (mas n&atilde;o excessivamente doce) e um toque de especiarias bem leve al&eacute;m de s&aacute;lvia. Em boca &eacute; redondo, macio, com boa acidez e taninos agrad&aacute;veis.&quot; F&aacute;bio G&oacute;es - En&oacute;logo da Vin&iacute;cola G&oacute;es","""Vinho límpido e brilhante, vermelho rubi/violáceo. Aromas deliciosos de groselha, violetas (tradicional dessa variedade), frutas negras como a amora em compota (mas não excessivamente doce) e um toque de especiarias bem leve além de sálvia. Em boca é redondo, macio, com boa acidez e taninos agradáveis."" Fábio Góes - Enólogo da Vinícola Góes",,,Vinícola Góes,Petit Verdot,Tinto,750ml,"Carnes Vermelhas,",Região,São Roque / SP,2023,"12,8%",4 meses em carvalho francês de 1º e 2º uso,16ºC a 18ºC
https://www.vinicolagoes.com.br/goes-lotes-de-colecao-verdelho-2022-750ml,Góes Lotes de Coleção Verdelho 2023 - 750ml,"R$ 235,00",235.0,6873451,"Góes Lotes de Coleção Verdelho é um vinho branco fino seco. Variedade Verdelho de origem 100% São Roque, sul paulista. Colheita de inverno, de julho de 2023. Vinificação tradicional em brancos, controle de temperatura, prensagem pneumática, adição de levedura selecionada. Servir: de 10ºC a 12ºC. Graduação Alcoólica: 13,1%vol. Volume: 750ml Harmonização: Vinho branco seco com bons aromas que combina com ostras, bolinho de bacalhau e até mesmo sardinhas grelhadas. Perfeito com algumas comidas do nordeste como casquinha de siri e caldinho de sururu. Também um bom par com alguns pratos asiáticos. . Comentário do nosso enólogo sobre esse vinho Vinho límpido e brilhante, amarelo claro, com tons esverdeados. Aroma de pera doce, com um toque de especiarias e frutas tropicais como abacaxi, melão e maçã verde, além de ligeiro floral. Na boca tem equilibrio, textura macia e pode parecer até um pouco ""oleosa"", lembra limão siciliano em calda e boa acidez que fica perfeita com o ligeiro dulçor. Fábio Góes Enólogo da Vinícola Góes","sobre esse vinho Vinho límpido e brilhante, amarelo claro, com tons esverdeados. Aroma de pera doce, com um toque de especiarias e frutas tropicais como abacaxi, melão e maçã verde, além de ligeiro floral. Na boca tem equilibrio, textura macia e pode parecer até um pouco ""oleosa"", lembra limão siciliano em calda e boa acidez que fica perfeita com o ligeiro dulçor. Fábio Góes Enólogo da Vinícola Góes",,,Vinícola Góes,Verdelho,Branco,750ml,"Frutos do Mar,",Região,São Roque / SP,2023,"13,1%",Tanques de aço inox,10ºC a 12ºC
https://www.vinicolagoes.com.br/vinho-tinto-goes-tradicao-bordo-suave-1-litro,Vinho Tinto Góes Tradição Bordô Suave 1 Litro,"R$ 26,90",26.9,6948749,"O Vinho Tinto de Mesa G&oacute;es Tradi&ccedil;&atilde;o Bord&ocirc; Suave &eacute; cuidadosamente elaborado com cortes de uvas Isabel e uma predomin&acirc;ncia da uva Bord&ocirc;, resultando em um vinho de colora&ccedil;&atilde;o rubi intensa e aroma t&iacute;pico das variedades. Com um paladar suave e agrad&aacute;vel, este vinho &eacute; perfeito para momentos descontra&iacute;dos e combina&ccedil;&otilde;es gastron&ocirc;micas diversificadas.
Seja acompanhado de carnes vermelhas, massas ou queijos, este vinho proporciona uma experi&ecirc;ncia marcante e equilibrada.
COMENT&Aacute;RIO DO EN&Oacute;LOGO
&quot;Com cortes de uva Isabel e predomin&acirc;ncia da uva Bord&ocirc;, obt&eacute;m-se um vinho de paladar suave, colora&ccedil;&atilde;o rubi intensa, aroma t&iacute;picos das variedades.&quot;&amp;nbsp;F&aacute;bio G&oacute;es, En&oacute;logo da Vin&iacute;cola G&oacute;es","""Com cortes de uva Isabel e predominância da uva Bordô, obtém-se um vinho de paladar suave, coloração rubi intensa, aroma típicos das variedades."" Fábio Góes, Enólogo da Vinícola Góes",,,Vinícola Góes,"Bordô,",Tinto,1 Litro,"Carnes Vermelhas,",Região,São Roque / SP,,"10,5%",Tanques de aço inox,9ºC a 10ºC
https://www.vinicolagoes.com.br/vinho-tinto-goes-tradicao-bordo-seco-1-litro,Vinho Tinto Góes Tradição Bordô Seco 1 Litro,"R$ 26,90",26.9,6948745,"O Vinho Tinto de Mesa G&oacute;es Tradi&ccedil;&atilde;o Bord&ocirc; Seco &eacute; uma express&atilde;o aut&ecirc;ntica das variedades bord&ocirc; e isabel, resultando em um vinho de cor rubi intenso e brilho l&iacute;mpido. Seu aroma &eacute; marcante, com notas t&iacute;picas das uvas utilizadas, trazendo uma complexidade que se reflete em seu paladar agrad&aacute;vel e estruturado. Este vinho seco &eacute; ideal para momentos gastron&ocirc;micos, onde sua eleg&acirc;ncia pode ser apreciada em diversas harmoniza&ccedil;&otilde;es.
Ideal para acompanhar carnes vermelhas, massas com molhos robustos e queijos de sabor marcante.
COMENT&Aacute;RIO DO EN&Oacute;LOGO
&quot;Com cortes de uva Isabel e predomin&acirc;ncia da uva bord&ocirc;, obtendo-se um vinho de cor rubi intenso, aroma t&iacute;pico das variedades e paladar agrad&aacute;vel.&quot; &mdash; F&aacute;bio G&oacute;es, En&oacute;logo da Vin&iacute;cola G&oacute;es","""Com cortes de uva Isabel e predominância da uva bordô, obtendo-se um vinho de cor rubi intenso, aroma típico das variedades e paladar agradável."" — Fábio Góes, Enólogo da Vinícola Góes",,,Vinícola Góes,"Bordô,",Tinto,750ml,"Carnes Vermelhas,",Região,São Roque / SP,,"10,5%",Tanques de aço inox,16ºC a 18ºC
https://www.vinicolagoes.com.br/vinho-branco-goes-tradicao-seco,Vinho Branco Góes Tradição Seco,"R$ 26,90",26.9,6947946,"O Vinho Branco de Mesa G&oacute;es Tradi&ccedil;&atilde;o Seco &eacute; elaborado a partir de cortes entre as uvas Moscato e Ni&aacute;gara Branca, resultando em um vinho de cor amarelo palha com aspecto l&iacute;mpido. Seu aroma &eacute; acentuado e marcante, enquanto o paladar &eacute; definido e agrad&aacute;vel, tornando-o uma excelente escolha para diversas ocasi&otilde;es.
A versatilidade desse vinho permite harmoniza&ccedil;&otilde;es variadas, acompanhando perfeitamente carnes brancas, peixes e queijos leves.
Ideal para acompanhar carnes brancas, peixes e queijos leves, proporcionando uma experi&ecirc;ncia gastron&ocirc;mica delicada e refrescante.
COMENT&Aacute;RIO DO EN&Oacute;LOGO
&quot;Obt&eacute;m-se a partir de cortes entre as uvas Moscato e Ni&aacute;gara Branca, resultando em um vinho de aroma acentuado e paladar definido, cor amarelo palha.&quot; -&amp;nbsp;F&aacute;bio G&oacute;es, En&oacute;logo da Vin&iacute;cola G&oacute;es","""Obtém-se a partir de cortes entre as uvas Moscato e Niágara Branca, resultando em um vinho de aroma acentuado e paladar definido, cor amarelo palha."" - Fábio Góes, Enólogo da Vinícola Góes",,,Vinícola Góes,"Moscato,",Branco,750ml,"Carnes Brancas,",Região,São Roque / SP,,"10,5%",Tanques de aço inox,9ºC a 10ºC
https://www.vinicolagoes.com.br/vinho-tinto-goes-tradicao-bordo-suave,Vinho Tinto Góes Tradição Bordô Suave,"R$ 26,90",26.9,6945682,"O Vinho Tinto de Mesa G&oacute;es Tradi&ccedil;&atilde;o Bord&ocirc; Suave &eacute; uma combina&ccedil;&atilde;o harmoniosa das uvas Isabel e Bord&ocirc;, resultando em um vinho de colora&ccedil;&atilde;o rubi intensa e aromas t&iacute;picos das variedades. De paladar suave e agrad&aacute;vel, este vinho &eacute; uma escolha vers&aacute;til e equilibrada, que proporciona uma experi&ecirc;ncia sensorial rica e marcante. Ideal para diferentes ocasi&otilde;es, sua suavidade encanta tanto em encontros casuais quanto em momentos especiais.
Perfeito para acompanhar carnes vermelhas, massas ao molho e queijos variados.
COMENT&Aacute;RIO DO EN&Oacute;LOGO
&quot;Com cortes de uva Isabel e predomin&acirc;ncia da uva Bord&ocirc;, obt&eacute;m-se um vinho de paladar suave, colora&ccedil;&atilde;o rubi intensa e aromas t&iacute;picos das variedades.&quot;&amp;nbsp;&mdash; F&aacute;bio G&oacute;es, En&oacute;logo da Vin&iacute;cola G&oacute;es","""Com cortes de uva Isabel e predominância da uva Bordô, obtém-se um vinho de paladar suave, coloração rubi intensa e aromas típicos das variedades."" — Fábio Góes, Enólogo da Vinícola Góes",,,Vinícola Góes,"Bordô,",Tinto,750ml,"Carnes Vermelhas,",Região,São Roque / SP,,"10,5%",Tanques de aço inox,10ºC a 12ºC
https://www.vinicolagoes.com.br/vinho-rosado-goes-tradicao-licoroso-doce,Vinho Rosado Góes Tradição Licoroso Doce,"R$ 26,90",26.9,6945470,"O Vinho Rosado de Mesa G&oacute;es Tradi&ccedil;&atilde;o Licoroso Doce &eacute; um vinho fortificado e doce, elaborado a partir de um blend entre as uvas ni&aacute;gara branca e isabel. Com uma colora&ccedil;&atilde;o rosada e l&iacute;mpida, este vinho se destaca pelos aromas t&iacute;picos das variedades utilizadas, combinando notas frutadas com um paladar doce e encorpado.
Ideal para quem aprecia vinhos mais adocicados, &eacute; uma excelente escolha tanto para acompanhar sobremesas quanto para ser degustado como aperitivo.
COMENT&Aacute;RIO DO EN&Oacute;LOGO
&quot;Elaborado a partir das uvas ni&aacute;gara branca e isabel, obtendo-se um vinho fortificado e doce, com caracter&iacute;sticas pr&oacute;prias, aroma e paladar t&iacute;picos. Vinho para sobremesas ou como aperitivo.&quot;&amp;nbsp;&mdash; F&aacute;bio G&oacute;es, En&oacute;logo da Vin&iacute;cola G&oacute;es","""Elaborado a partir das uvas niágara branca e isabel, obtendo-se um vinho fortificado e doce, com características próprias, aroma e paladar típicos. Vinho para sobremesas ou como aperitivo."" — Fábio Góes, Enólogo da Vinícola Góes",,,Vinícola Góes,"Niágara Branca,",Rosé,750ml,Sobremesas,Região,São Roque / SP,,"14,8%",Tanques de aço inox,9ºC a 10ºC
https://www.vinicolagoes.com.br/vinho-tinto-goes-tradicao-bordo-seco,Vinho Tinto Góes Tradição Bordô Seco,"R$ 26,90",26.9,6944914,"O Vinho Tinto de Mesa G&oacute;es Tradi&ccedil;&atilde;o Bord&ocirc; Seco &eacute; uma express&atilde;o aut&ecirc;ntica das variedades bord&ocirc; e isabel, resultando em um vinho de cor rubi intenso e brilho l&iacute;mpido. Seu aroma &eacute; marcante, com notas t&iacute;picas das uvas utilizadas, trazendo uma complexidade que se reflete em seu paladar agrad&aacute;vel e estruturado.
Este vinho seco &eacute; ideal para momentos gastron&ocirc;micos, onde sua eleg&acirc;ncia pode ser apreciada em diversas harmoniza&ccedil;&otilde;es.
Ideal para acompanhar carnes vermelhas, massas com molhos robustos e queijos de sabor marcante.
COMENT&Aacute;RIO DO EN&Oacute;LOGO
&quot;Com cortes de uva Isabel e predomin&acirc;ncia da uva bord&ocirc;, obtendo-se um vinho de cor rubi intenso, aroma t&iacute;pico das variedades e paladar agrad&aacute;vel.&quot; &mdash; F&aacute;bio G&oacute;es, En&oacute;logo da Vin&iacute;cola G&oacute;es","""Com cortes de uva Isabel e predominância da uva bordô, obtendo-se um vinho de cor rubi intenso, aroma típico das variedades e paladar agradável."" — Fábio Góes, Enólogo da Vinícola Góes",,,Vinícola Góes,"Bordô,",Tinto,750ml,"Carnes Vermelhas,",Região,São Roque / SP,,"10,5%",Tanques de aço inox,15ºC a 17ºC
https://www.vinicolagoes.com.br/vinho-branco-goes-tradicao-suave,Vinho Branco Góes Tradição Suave,"R$ 26,90",26.9,6944848,"O Vinho Branco de Mesa G&oacute;es Tradi&ccedil;&atilde;o Suave &eacute; um verdadeiro convite ao prazer sensorial. Elaborado a partir das uvas Ni&aacute;gara Branca e Moscato, este vinho destaca-se por seu paladar levemente suave e por seus aromas intensos, t&iacute;picos das variedades utilizadas. Sua colora&ccedil;&atilde;o amarelo-palha brilhante reflete sua delicadeza e frescor.
Ideal para ser apreciado a 10&ordm;C, o G&oacute;es Tradi&ccedil;&atilde;o Suave harmoniza perfeitamente com carnes brancas, peixes e queijos leves, proporcionando uma experi&ecirc;ncia gustativa envolvente e agrad&aacute;vel.
COMENT&Aacute;RIO DO EN&Oacute;LOGO
&quot;Obtido a partir da uva ni&aacute;gara branca e moscato &eacute; um vinho de paladar e aroma intenso t&iacute;pico da variedade levemente suave, colora&ccedil;&atilde;o amarelo palha.&quot;&amp;nbsp;F&aacute;bio G&oacute;es, En&oacute;logo da V&iacute;nicola G&oacute;es","""Obtido a partir da uva niágara branca e moscato é um vinho de paladar e aroma intenso típico da variedade levemente suave, coloração amarelo palha."" Fábio Góes, Enólogo da Vínicola Góes",,,Vinícola Góes,"Niágara Branca,",Branco,750ml,"Carnes Brancas,",Região,São Roque / SP,,"10,5%",Tanques de aço inox,
https://www.vinicolagoes.com.br/vinho-tinto-tempos-de-goes-classico-cabernet-sauvignon-seco,Vinho Tinto Tempos de Góes Clássico Cabernet Sauvignon Seco,"R$ 58,50",58.5,6939851,"&ldquo;Tempos de G&oacute;es&rdquo; &eacute; uma homenagem &agrave; nossa hist&oacute;ria, um tributo aos anjos que nos iluminam e celebram uma heran&ccedil;a de trabalho, persist&ecirc;ncia e paix&atilde;o. Este vinho representa nossa conex&atilde;o com o futuro, sustentada por um passado rico e pela generosidade de nossa terra.
Este vinho tinto fino seco &eacute; elaborado exclusivamente com uvas vin&iacute;feras 100% Cabernet Sauvignon, resultando em um vinho macio e de f&aacute;cil consumo. Sua colora&ccedil;&atilde;o varia entre o vermelho rubi e o p&uacute;rpura, com aspecto l&iacute;mpido e brilhante. O vinho n&atilde;o &eacute; safrado, pois h&aacute; um blend entre diferentes safras, garantindo complexidade e consist&ecirc;ncia no sabor.
Ideal para acompanhar carnes vermelhas com pouco tempero, massas como fusilli e spaghetti ao molho marinara ou bolonhesa, peixe assado, queijos e canap&eacute;s.
COMENT&Aacute;RIO DO EN&Oacute;LOGO
&quot;Elaborado a partir de uvas vin&iacute;feras 100% Cabernet Sauvignon, este vinho se destaca pela suavidade e facilidade de consumo, tornando-o uma escolha vers&aacute;til para diversas ocasi&otilde;es.&quot; F&aacute;bio G&oacute;es,&amp;nbsp;En&oacute;logo da Vin&iacute;cola G&oacute;es","""Elaborado a partir de uvas viníferas 100% Cabernet Sauvignon, este vinho se destaca pela suavidade e facilidade de consumo, tornando-o uma escolha versátil para diversas ocasiões."" Fábio Góes, Enólogo da Vinícola Góes",,,Vinícola Góes,Cabernet Sauvignon,Tinto,750ml,"Carnes Vermelhas,",Região,São Roque / SP,,11%,Tanques de aço inox,16ºC a 18ºC
https://www.vinicolagoes.com.br/vinho-tinto-tempos-de-goes-reservado-cabernet-sauvignon-suave,Vinho Tinto Tempos de Góes Reservado Cabernet Sauvignon Suave,"R$ 58,50",58.5,6939843,"&ldquo;Tempos de G&oacute;es&rdquo; &eacute; uma homenagem &agrave; nossa hist&oacute;ria, um tributo aos anjos que nos guiam e atestam uma heran&ccedil;a de trabalho, persist&ecirc;ncia e paix&atilde;o. Este vinho celebra nosso compromisso com o futuro, nutrido por um passado rico e pela generosidade de nossa terra.
Este vinho tinto fino suave &eacute; elaborado 100% a partir da uva vin&iacute;fera Cabernet Sauvignon, resultando em um vinho macio e de f&aacute;cil consumo. Com tonalidades que variam do vermelho rubi ao p&uacute;rpura, apresenta um aspecto l&iacute;mpido e brilhante. N&atilde;o &eacute; safrado, pois &eacute; um blend de diferentes safras, proporcionando uma experi&ecirc;ncia &uacute;nica a cada gole.
Perfeito para acompanhar carnes vermelhas com pouco tempero, massas como fusilli e spaghetti ao molho marinara ou bolonhesa, peixe assado, queijos e canap&eacute;s.
COMENT&Aacute;RIO DO EN&Oacute;LOGO
&quot;Elaborado a partir de uva vin&iacute;fera 100% Cabernet Sauvignon, este vinho suave &eacute; ideal para quem busca uma experi&ecirc;ncia agrad&aacute;vel e f&aacute;cil de apreciar.&quot; F&aacute;bio G&oacute;es,&amp;nbsp;En&oacute;logo da Vin&iacute;cola G&oacute;es","""Elaborado a partir de uva vinífera 100% Cabernet Sauvignon, este vinho suave é ideal para quem busca uma experiência agradável e fácil de apreciar."" Fábio Góes, Enólogo da Vinícola Góes",,,Vinícola Góes,Cabernet Sauvignon,Tinto,750ml,"Carnes Vermelhas,",Região,São Roque / SP,,11%,Tanques de aço inox,8ºC a 10ºC
https://www.vinicolagoes.com.br/vinho-branco-tempos-de-goes-tropicos-lorena-seco,Vinho Branco Tempos de Góes Trópicos Lorena Seco,"R$ 58,50",58.5,6939840,"&ldquo;Tempos de G&oacute;es&rdquo; &eacute; uma homenagem &agrave; nossa hist&oacute;ria, um tributo aos anjos que nos guiam e atestam uma heran&ccedil;a de trabalho, persist&ecirc;ncia e paix&atilde;o. Este vinho celebra nosso compromisso com o futuro, nutrido por um passado rico e pela generosidade de nossa terra.
Este vinho branco seco, elaborado 100% a partir da uva Lorena, oferece uma experi&ecirc;ncia frutada e de f&aacute;cil consumo. Com tonalidades de amarelo claro, apresenta um aspecto l&iacute;mpido e brilhante. Produzido integralmente no estado de S&atilde;o Paulo, destaca-se pela sua leveza e frescor.
Ideal para acompanhar pratos leves, como peixes e queijos suaves, real&ccedil;ando seu car&aacute;ter refrescante.
COMENT&Aacute;RIO DO EN&Oacute;LOGO
&quot;Este vinho branco seco, elaborado a partir da uva Lorena, resulta em uma bebida refrescante e arom&aacute;tica, perfeita para momentos de descontra&ccedil;&atilde;o.&quot; F&aacute;bio G&oacute;es,&amp;nbsp;En&oacute;logo da Vin&iacute;cola G&oacute;es","""Este vinho branco seco, elaborado a partir da uva Lorena, resulta em uma bebida refrescante e aromática, perfeita para momentos de descontração."" Fábio Góes, Enólogo da Vinícola Góes",,,Vinícola Góes,Lorena,Branco,750ml,"Peixes Grelhados,",Região,São Roque / SP,,11%,Tanques de aço inox,8ºC a 10ºC
https://www.vinicolagoes.com.br/vinho-tinto-tempos-de-goes-reservado-cabernet-sauvignon-demi-sec,Vinho Tinto Tempos de Góes Reservado Cabernet Sauvignon Demi-Sec,"R$ 58,50",58.5,6939837,"&ldquo;Tempos de G&oacute;es&rdquo; &eacute; uma homenagem &agrave; nossa hist&oacute;ria, um tributo aos anjos que nos iluminam e atestam uma heran&ccedil;a de trabalho, persist&ecirc;ncia e paix&atilde;o. Este vinho reflete nosso compromisso com o futuro, inspirado por um passado rico e pela generosidade de nossa terra.
Este vinho tinto fino demi-sec, elaborado a partir de uvas vin&iacute;feras 100% Cabernet Sauvignon, oferece uma experi&ecirc;ncia macia e agrad&aacute;vel. Com tonalidades que variam do vermelho rubi ao p&uacute;rpura, apresenta um aspecto l&iacute;mpido e brilhante. O vinho n&atilde;o &eacute; safrado, representando um blend harmonioso de diferentes safras.
Ideal para acompanhar carnes vermelhas com pouco tempero, massas como fusilli e spaghetti ao molho marinara ou bolonhesa, peixe assado, queijos e canap&eacute;s.
COMENT&Aacute;RIO DO EN&Oacute;LOGO
&quot;Elaborado a partir de uvas vin&iacute;feras 100% Cabernet Sauvignon, este vinho &eacute; macio e de f&aacute;cil consumo, perfeito para momentos de celebra&ccedil;&atilde;o.&quot;&amp;nbsp;F&aacute;bio G&oacute;es,&amp;nbsp;En&oacute;logo da Vin&iacute;cola G&oacute;es","""Elaborado a partir de uvas viníferas 100% Cabernet Sauvignon, este vinho é macio e de fácil consumo, perfeito para momentos de celebração."" Fábio Góes, Enólogo da Vinícola Góes",,,Vinícola Góes,Cabernet Sauvignon,Tinto,750ml,"Carnes Vermelhas,",Região,São Roque / SP,,11%,Tanques de aço inox,14ºC a 16ºC
https://www.vinicolagoes.com.br/vinho-tinto-goes-quinta-dos-vinhedos-seco,Vinho Tinto Góes Quinta dos Vinhedos Seco,"R$ 26,90",26.9,6890469,"O Vinho Tinto de Mesa G&oacute;es Quinta dos Vinhedos Seco &eacute; elaborado a partir de cortes entre as uvas Bord&ocirc; e Isabel, resultando em um vinho equilibrado e estruturado. Com colora&ccedil;&atilde;o rubi e aromas t&iacute;picos das variedades, este vinho se destaca pela sua complexidade e perfil arom&aacute;tico.
Ideal para acompanhar carnes vermelhas, massas, queijos e canap&eacute;s, proporcionando uma experi&ecirc;ncia gastron&ocirc;mica rica e variada.
COMENT&Aacute;RIO DO EN&Oacute;LOGO
&quot;Resulta dos cortes entre as uvas Bord&ocirc; e com predomin&acirc;ncia da uva Isabel &eacute; um vinho com colora&ccedil;&atilde;o rubi, aroma e sabor t&iacute;picos das variedades.&quot;&amp;nbsp;F&aacute;bio G&oacute;es, En&oacute;logo da Vin&iacute;cola G&oacute;es","""Resulta dos cortes entre as uvas Bordô e com predominância da uva Isabel é um vinho com coloração rubi, aroma e sabor típicos das variedades."" Fábio Góes, Enólogo da Vinícola Góes",,,Vinícola Góes,"Bordô,",Tinto,750ml,"Carnes Vermelhas,",Região,São Roque / SP,,"10,5%",Tanques de aço inox,16ºC a 18ºC
https://www.vinicolagoes.com.br/vinho-tinto-goes-quinta-dos-vinhedos-suave,Vinho Tinto Góes Quinta dos Vinhedos Suave,"R$ 26,90",26.9,6890451,"O Vinho Tinto de Mesa G&oacute;es Quinta dos Vinhedos Suave &eacute; elaborado a partir de cortes entre as uvas Bord&ocirc; e Isabel, resultando em um vinho de paladar suave e agrad&aacute;vel. Com colora&ccedil;&atilde;o rubi e aroma t&iacute;pico das variedades, este vinho se destaca pela sua suavidade e perfil arom&aacute;tico.
Ideal para acompanhar carnes vermelhas, massas, queijos e canap&eacute;s, proporcionando uma experi&ecirc;ncia gastron&ocirc;mica agrad&aacute;vel.
COMENT&Aacute;RIO DO EN&Oacute;LOGO
&quot;Elaborado a partir de cortes entre as uvas Bord&ocirc; e com predomin&acirc;ncia da uva Isabel, &eacute; um vinho de paladar suave, colora&ccedil;&atilde;o rubi e aroma t&iacute;pico das variedades.&quot;&amp;nbsp;F&aacute;bio G&oacute;es, En&oacute;logo da Vin&iacute;cola G&oacute;es","""Elaborado a partir de cortes entre as uvas Bordô e com predominância da uva Isabel, é um vinho de paladar suave, coloração rubi e aroma típico das variedades."" Fábio Góes, Enólogo da Vinícola Góes",,,Vinícola Góes,"Bordô,",Tinto,750ml,"Carnes Vermelhas,",Região,São Roque / SP,,"10,5%",Tanques de aço inox,10ºC a 12ºC
https://www.vinicolagoes.com.br/vinho-tinto-quinta-jubair-bordo-demi-sec,Vinho Tinto Quinta Jubair Bordô Demi-sec,"R$ 26,90",26.9,6890431,"O Vinho Tinto de Mesa Quinta Jubair Bord&ocirc; Demi-sec &eacute; elaborado exclusivamente com a variedade Bord&ocirc;, resultando em um vinho de aspecto l&iacute;mpido e brilhante. Este vinho tinto demi-sec &eacute; equilibrado, de toque meio seco, e apresenta aromas onde predominam as frutas vermelhas.
Ideal para acompanhar carnes vermelhas, massas, queijos e canap&eacute;s, proporcionando uma experi&ecirc;ncia gastron&ocirc;mica deliciosa.
COMENT&Aacute;RIO DO EN&Oacute;LOGO
&quot;Vinho Tinto 100% Bord&ocirc; de aspecto l&iacute;mpido e brilhante, equilibrado, de toque meio seco. Apresenta aromas onde predominam as frutas vermelhas.&quot;&amp;nbsp;F&aacute;bio G&oacute;es, En&oacute;logo da Vin&iacute;cola G&oacute;es","""Vinho Tinto 100% Bordô de aspecto límpido e brilhante, equilibrado, de toque meio seco. Apresenta aromas onde predominam as frutas vermelhas."" Fábio Góes, Enólogo da Vinícola Góes",,,Quinta Jubair,Bordô,Tinto,750ml,"Carnes Vermelhas,",Região,São Roque / SP,,"10,5%",Tanques de aço inox,8ºC a 10ºC
https://www.vinicolagoes.com.br/vinho-tinto-quinta-jubair-bordo-seco,Vinho Tinto Quinta Jubair Bordô Seco,"R$ 26,90",26.9,6890390,"O Vinho Tinto de Mesa Quinta Jubair Bord&ocirc; Seco &eacute; elaborado exclusivamente com a variedade Bord&ocirc;, resultando em um vinho de aspecto l&iacute;mpido e brilhante. Este vinho tinto seco &eacute; equilibrado, estruturado e persistente, apresentando aromas onde predominam as frutas vermelhas.
Ideal para acompanhar carnes vermelhas, massas, queijos e canap&eacute;s, proporcionando uma experi&ecirc;ncia gastron&ocirc;mica deliciosa.
COMENT&Aacute;RIO DO EN&Oacute;LOGO
&quot;Vinho Tinto 100% Bord&ocirc; de aspecto l&iacute;mpido e brilhante, equilibrado, estruturado e persistente. Apresenta aromas onde predominam as frutas vermelhas.&quot;&amp;nbsp;F&aacute;bio G&oacute;es, En&oacute;logo da Vin&iacute;cola G&oacute;es","""Vinho Tinto 100% Bordô de aspecto límpido e brilhante, equilibrado, estruturado e persistente. Apresenta aromas onde predominam as frutas vermelhas."" Fábio Góes, Enólogo da Vinícola Góes",,,Quinta Jubair,Bordô,Tinto,750ml,"Carnes Vermelhas,",Região,São Roque / SP,,"10,5%",Tanques de aço inox,15ºC a 17ºC
https://www.vinicolagoes.com.br/vinho-tinto-quinta-jubair-bordo-suave,Vinho Tinto Quinta Jubair Bordô Suave,"R$ 26,90",26.9,6890363,"O Vinho Tinto de Mesa Quinta Jubair Bord&ocirc; Suave &eacute; elaborado exclusivamente com a variedade Bord&ocirc;, resultando em um vinho de aspecto l&iacute;mpido e brilhante. Este vinho tinto suave apresenta um paladar doce e bem estruturado, com aromas predominantes de frutas vermelhas.
Ideal para acompanhar carnes vermelhas, massas, queijos e canap&eacute;s, proporcionando uma experi&ecirc;ncia gastron&ocirc;mica deliciosa.
COMENT&Aacute;RIO DO EN&Oacute;LOGO
&quot;Vinho tinto 100% Bord&ocirc; de aspecto l&iacute;mpido e brilhante. Suave, doce e bem estruturado. Em seu aroma, predominam as frutas vermelhas.&quot;&amp;nbsp;F&aacute;bio G&oacute;es, En&oacute;logo da Vin&iacute;cola G&oacute;es","""Vinho tinto 100% Bordô de aspecto límpido e brilhante. Suave, doce e bem estruturado. Em seu aroma, predominam as frutas vermelhas."" Fábio Góes, Enólogo da Vinícola Góes",,,Quinta Jubair,Bordô,Tinto,750ml,"Carnes Vermelhas,",Região,São Roque / SP,,"10,5%",Tanques de aço inox,8ºC a 10ºC
https://www.vinicolagoes.com.br/vinho-tinto-goes-tradicao-bordo-suave-edicao-especial-269ml,Vinho Tinto Góes Tradição Bordô Suave Edição Especial - 269ml,"R$ 235,00",235.0,7237663,"Com cortes de uva Isabel e predominância da uva bordô, obtém-se um vinho de paladar suave, coloração rubi intensa, aroma típicos das variedades. Servir: à 10ºC. Graduação Alcoólica: 10,5%vol. Volume: 269ml (Lata) Harmonização: Acompanha carnes vermelhas, massas, queijos e canapés. Comentário do nosso enólogo sobre esse vinho Com cortes de uva Isabel e predominância da uva bordô, obtém-se um vinho de paladar suave, coloração rubi intensa, aroma típicos das variedades. Fábio Góes Enólogo da Vinícola Góes","sobre esse vinho Com cortes de uva Isabel e predominância da uva bordô, obtém-se um vinho de paladar suave, coloração rubi intensa, aroma típicos das variedades. Fábio Góes Enólogo da Vinícola Góes",,,Vinícola Góes,,,269ml (Lata),"Acompanha carnes vermelhas, massas, queijos e canapés.",,,,,,
https://www.vinicolagoes.com.br/vinho-branco-sauv-chardonnay-seco-269ml,Vinho Branco Sauv Chardonnay Seco 269ml,"R$ 235,00",235.0,6951749,"O Vinho Branco Sauv Chardonnay Seco &eacute; elaborado exclusivamente com uvas 100% Chardonnay, resultando em uma bebida de colora&ccedil;&atilde;o amarelo palha com delicados tons esverdeados. Seus aromas envolvem frutas tropicais, com destaque para abacaxi, proporcionando uma experi&ecirc;ncia arom&aacute;tica rica e cativante. No paladar, revela boa intensidade e frescor, tornando-o uma escolha vers&aacute;til e refrescante. A embalagem pr&aacute;tica em lata de 269ml faz deste vinho a companhia ideal para qualquer ocasi&atilde;o, seja na praia, no campo ou em casa. Perfeito para harmonizar com carnes brancas, peixes e queijos leves, garantindo frescor e sabor em cada gole.",,,,Sauv,Chardonnay,Branco,269ml,"Carnes Brancas,",Região,São Roque / SP,,11%,Tanques de aço inox,6ºC a 8ºC
https://www.vinicolagoes.com.br/vinho-tinto-sauv-cabernet-sauvignon-seco-269ml,Vinho Tinto Sauv Cabernet Sauvignon Seco 269ml,"R$ 235,00",235.0,6950907,"O Vinho Tinto Sauv Cabernet Sauvignon Seco &eacute; elaborado exclusivamente a partir de uvas 100% Cabernet Sauvignon, resultando em uma bebida com colora&ccedil;&atilde;o vermelho intenso e reflexos violetas. No aroma, destaca-se o perfil frutado, com notas sutis de cereja e morango. Na boca, apresenta corpo m&eacute;dio, textura macia e uma acidez perfeitamente equilibrada, tornando-o uma excelente escolha para quem aprecia vinhos secos e vers&aacute;teis. A embalagem em lata de 269ml torna-o pr&aacute;tico e ideal para momentos descontra&iacute;dos, em qualquer lugar. Ideal para acompanhar carnes vermelhas, massas ao molho marinara, e queijos, proporcionando uma experi&ecirc;ncia equilibrada e saborosa.",,,,Sauv,Cabernet Sauvignon,Tinto,269ml,"Carnes Vermelhas,",Região,São Roque / SP,,11%,Tanques de aço inox,9ºC a 10ºC
https://www.vinicolagoes.com.br/vinho-tinto-goes-tradicao-bordo-suave-250ml,Vinho Tinto Góes Tradição Bordô Suave 250ml,"R$ 26,90",26.9,6948725,"O Vinho Tinto de Mesa G&oacute;es Tradi&ccedil;&atilde;o Bord&ocirc; Suave &eacute; cuidadosamente elaborado com cortes de uvas Isabel e uma predomin&acirc;ncia da uva Bord&ocirc;, resultando em um vinho de colora&ccedil;&atilde;o rubi intensa e aroma t&iacute;pico das variedades. Com um paladar suave e agrad&aacute;vel, este vinho &eacute; perfeito para momentos descontra&iacute;dos e combina&ccedil;&otilde;es gastron&ocirc;micas diversificadas.
Seja acompanhado de carnes vermelhas, massas ou queijos, este vinho proporciona uma experi&ecirc;ncia marcante e equilibrada.
COMENT&Aacute;RIO DO EN&Oacute;LOGO
&quot;Com cortes de uva Isabel e predomin&acirc;ncia da uva Bord&ocirc;, obt&eacute;m-se um vinho de paladar suave, colora&ccedil;&atilde;o rubi intensa, aroma t&iacute;picos das variedades.&quot;&amp;nbsp;F&aacute;bio G&oacute;es, En&oacute;logo da Vin&iacute;cola G&oacute;es","""Com cortes de uva Isabel e predominância da uva Bordô, obtém-se um vinho de paladar suave, coloração rubi intensa, aroma típicos das variedades."" Fábio Góes, Enólogo da Vinícola Góes",,,Vinícola Góes,"Bordô,",Tinto,250ml,"Carnes Vermelhas,",Região,São Roque / SP,,"10,5%",Tanques de aço inox,10ºC a 12ºC
https://www.vinicolagoes.com.br/vinho-branco-casa-venturini-le-magicien-chardonnay-2022,Vinho Branco Casa Venturini Le Magicien Chardonnay Gran Reserva 2022,"R$ 85,00",85.0,6888820,"O Vinho Branco Casa Venturini Le Magicien Chardonnay 2022 &eacute; um vinho fino seco, elaborado a partir de uvas Chardonnay cultivadas na regi&atilde;o da Campanha Ga&uacute;cha - RS. A vinifica&ccedil;&atilde;o tradicional ocorre com temperatura controlada e leveduras selecionadas, garantindo a m&aacute;xima qualidade do produto.&amp;nbsp;Este vinho passa por um processo de matura&ccedil;&atilde;o de 10 meses, sendo 50% em barricas de carvalho americano e 50% em barricas de carvalho franc&ecirc;s, o que lhe confere caracter&iacute;sticas &uacute;nicas e sofisticadas.
Ideal para acompanhar carnes brancas, peixes ensopados levemente apimentados e queijos de massa mole, proporcionando uma combina&ccedil;&atilde;o perfeita e equilibrada.
COMENT&Aacute;RIO DO EN&Oacute;LOGO
&quot;Aspecto l&iacute;mpido e brilhante, com colora&ccedil;&atilde;o amarela dourada. Aroma de frutas de polpa amarela bem maduras, como p&ecirc;ssego e banana, doce de abacaxi, doce de leite e leve toque amanteigado. No paladar, possui muita untuosidade, relembrando os aromas sentidos no nariz, com uma acidez muito refrescante e um retrogosto longo e agrad&aacute;vel.&quot;&amp;nbsp;F&aacute;bio G&oacute;es, En&oacute;logo da Vin&iacute;cola G&oacute;es","""Aspecto límpido e brilhante, com coloração amarela dourada. Aroma de frutas de polpa amarela bem maduras, como pêssego e banana, doce de abacaxi, doce de leite e leve toque amanteigado. No paladar, possui muita untuosidade, relembrando os aromas sentidos no nariz, com uma acidez muito refrescante e um retrogosto longo e agradável."" Fábio Góes, Enólogo da Vinícola Góes",,,Casa Venturini,Chardonnay,Branco,750ml,"Carnes Brancas,",Região,Campanha Gaúcha / RS,2022,13%,10 meses sendo 50% em barricas de carvalho americano e 50% em barricas de carvalho francês,8ºC a 10ºC
https://www.vinicolagoes.com.br/vinho-tinto-nobre-casa-venturini-marselan-2022,Vinho Tinto Nobre Casa Venturini Marselan 2022,"R$ 85,00",85.0,6888755,"O Vinho Tinto Nobre Casa Venturini Marselan 2022 &eacute; produzido a partir da variedade Marselan, cultivada na regi&atilde;o da Campanha Ga&uacute;cha - RS. Seu processo de elabora&ccedil;&atilde;o inclui desengace e esmagamento, fermenta&ccedil;&atilde;o alco&oacute;lica de 7 dias em tanques de inox com remontagens di&aacute;rias, e macera&ccedil;&atilde;o pelicular durante a fermenta&ccedil;&atilde;o alco&oacute;lica. A fermenta&ccedil;&atilde;o malol&aacute;tica ocorre espontaneamente, e o vinho &eacute; envelhecido em barricas de carvalho franc&ecirc;s, conferindo-lhe caracter&iacute;sticas &uacute;nicas e refinadas.
Perfeito para acompanhar massas com molhos vermelhos, cordeiro e cortes nobres de gado, proporcionando uma experi&ecirc;ncia gastron&ocirc;mica sofisticada e harmoniosa.
COMENT&Aacute;RIO DO EN&Oacute;LOGO
&quot;Possui aromas complexos de especiarias, frutas vermelhas, eucalipto, toques de defumado, caramelo e chocolate. Possui aspecto brilhante e de colora&ccedil;&atilde;o p&uacute;rpura intensa. No paladar, apresenta bom corpo, taninos aveludados e acidez equilibrada, com retrogosto longo e muito agrad&aacute;vel.&quot;&amp;nbsp;F&aacute;bio G&oacute;es, En&oacute;logo da Vin&iacute;cola G&oacute;es","""Possui aromas complexos de especiarias, frutas vermelhas, eucalipto, toques de defumado, caramelo e chocolate. Possui aspecto brilhante e de coloração púrpura intensa. No paladar, apresenta bom corpo, taninos aveludados e acidez equilibrada, com retrogosto longo e muito agradável."" Fábio Góes, Enólogo da Vinícola Góes",,,Casa Venturini,Marselan,Tinto,750ml,"Massas,",Região,Campanha Gaúcha / RS,2022,"14,3%",12 meses em barrica de carvalho francês,16ºC a 18ºC
https://www.vinicolagoes.com.br/vinho-rose-casa-venturini-le-bateleur-tannat-2023,Vinho Rosé Casa Venturini Le Bateleur Tannat 2023,"R$ 85,00",85.0,6888709,"O Vinho Ros&eacute; Casa Venturini Le Bateleur Tannat 2023 &eacute; elaborado com 100% de uvas Tannat, cultivadas na regi&atilde;o da Campanha Ga&uacute;cha - RS. Seu processo de produ&ccedil;&atilde;o envolve desengace e esmagamento, seguido de sangria com breve macera&ccedil;&atilde;o no tanque. A fermenta&ccedil;&atilde;o alco&oacute;lica &eacute; feita com temperatura controlada e leveduras selecionadas, resultando em um vinho de alta qualidade.
Ideal para acompanhar massas ao molho branco, risotos, carnes brancas, saladas e canap&eacute;s, proporcionando uma experi&ecirc;ncia gastron&ocirc;mica refinada e vers&aacute;til.
COMENT&Aacute;RIO DO EN&Oacute;LOGO
&quot;Vinho l&iacute;mpido e brilhante com colora&ccedil;&atilde;o rosa salm&atilde;o. Aroma adocicado de frutas vermelhas, evidenciando morango, pitanga e tutti frutti. No paladar, apresenta ataque doce com boa acidez, resultando em um vinho equilibrado, untuoso, persistente e refrescante.&quot;&amp;nbsp;F&aacute;bio G&oacute;es, En&oacute;logo da Vin&iacute;cola G&oacute;es","""Vinho límpido e brilhante com coloração rosa salmão. Aroma adocicado de frutas vermelhas, evidenciando morango, pitanga e tutti frutti. No paladar, apresenta ataque doce com boa acidez, resultando em um vinho equilibrado, untuoso, persistente e refrescante."" Fábio Góes, Enólogo da Vinícola Góes",,,Casa Venturini,Tannat,Rosé,750ml,"Massas,",Região,Campanha Gaúcha / RS,2023,"13,9%",Tanques de aço inox,8ºC a 10ºC
https://www.vinicolagoes.com.br/vinho-tinto-casa-venturini-cabernet-franc-reserva-2020,Vinho Tinto Casa Venturini Cabernet Franc Reserva 2020,"R$ 85,00",85.0,6888469,"O Vinho Tinto Casa Venturini Cabernet Franc 2020 &eacute; produzido com a variedade Cabernet Franc, cultivada na regi&atilde;o da Serra do Sudeste - RS. A vinifica&ccedil;&atilde;o segue m&eacute;todos tradicionais com desengace e esmagamento das uvas, fermenta&ccedil;&atilde;o alco&oacute;lica controlada em temperatura e uso de leveduras selecionadas, resultando em um vinho expressivo e de qualidade.
Ideal para acompanhar grelhados, queijos m&eacute;dios, risotos e molhos leves, este vinho combina bem com pratos que t&ecirc;m sabores mais sutis e delicados.
COMENT&Aacute;RIO DO EN&Oacute;LOGO
&quot;Com aroma floral, frutas vermelhas como amora e baunilha. Possui aspecto brilhante e colora&ccedil;&atilde;o intensa com tonalidade rubi. No paladar, apresenta m&eacute;dia estrutura, leve adocicado, com taninos maduros e macios.&quot;&amp;nbsp;F&aacute;bio G&oacute;es, En&oacute;logo da Vin&iacute;cola G&oacute;es","""Com aroma floral, frutas vermelhas como amora e baunilha. Possui aspecto brilhante e coloração intensa com tonalidade rubi. No paladar, apresenta média estrutura, leve adocicado, com taninos maduros e macios."" Fábio Góes, Enólogo da Vinícola Góes",,,Casa Venturini,Cabernet Franc,Tinto,750ml,"Carnes Vermelhas,",Região,Serra do Sudeste / RS,2020,"13,8%",Tanques de aço inox,16ºC a 18ºC
https://www.vinicolagoes.com.br/vinho-tinto-casa-venturini-cabernet-sauvignon-reserva-2021,Vinho Tinto Casa Venturini Cabernet Sauvignon Reserva 2021,"R$ 85,00",85.0,6888463,"O Vinho Tinto Casa Venturini Cabernet Sauvignon 2021 &eacute; uma express&atilde;o refinada da uva Cabernet Sauvignon, cultivada nas renomadas regi&otilde;es da Campanha Ga&uacute;cha, Santana do Livramento - RS e Serra Ga&uacute;cha, Flores da Cunha - RS. Este vinho &eacute; elaborado exclusivamente a partir de uvas Cabernet Sauvignon, conhecidas por sua robustez e complexidade.
A vinifica&ccedil;&atilde;o inclui uma macera&ccedil;&atilde;o pr&eacute;-fermentativa prolongada, seguida de um processo tradicional com delestage (separa&ccedil;&atilde;o das sementes), controle rigoroso de temperatura e uso de leveduras selecionadas. Ap&oacute;s a fermenta&ccedil;&atilde;o, o vinho &eacute; envelhecido por 9 meses em barricas de carvalho franc&ecirc;s, proporcionando uma profundidade arom&aacute;tica e taninos bem integrados.
Perfeito para acompanhar grelhados, carnes ex&oacute;ticas, queijos fortes e molhos condimentados, este vinho se destaca em harmoniza&ccedil;&otilde;es com pratos robustos e intensamente saborosos.
COMENT&Aacute;RIO DO EN&Oacute;LOGO
&quot;Possui aroma de frutas vermelhas maduras, ameixa negra e especiarias. Colora&ccedil;&atilde;o intensa com tonalidade rubi e viol&aacute;cea. Paladar com ataque doce bem pronunciado, boa estrutura, taninos maduros e macios, resultado do seu amadurecimento em barricas de carvalho franc&ecirc;s.&quot;&amp;nbsp;F&aacute;bio G&oacute;es, En&oacute;logo da Vin&iacute;cola G&oacute;es","""Possui aroma de frutas vermelhas maduras, ameixa negra e especiarias. Coloração intensa com tonalidade rubi e violácea. Paladar com ataque doce bem pronunciado, boa estrutura, taninos maduros e macios, resultado do seu amadurecimento em barricas de carvalho francês."" Fábio Góes, Enólogo da Vinícola Góes",,,Casa Venturini,Cabernet Sauvignon,Tinto,750ml,"Carnes Vermelhas,",Região,"Serra Gaúcha / RS,",2021,13%,12 meses em barrica de carvalho francês,16ºC a 18ºC
https://www.vinicolagoes.com.br/vinho-tinto-casa-venturini-merlot-reserva-2019,Vinho Tinto Casa Venturini Merlot Reserva 2021,"R$ 85,00",85.0,6888449,"O Vinho Tinto Casa Venturini Merlot 2021 &eacute; uma homenagem &agrave; nobre uva Merlot, cultivada na prestigiada regi&atilde;o da Serra Ga&uacute;cha - RS. Este vinho &eacute; elaborado 100% a partir da variedade Merlot, reconhecida por seu perfil elegante e aveludado.
A vinifica&ccedil;&atilde;o inclui uma macera&ccedil;&atilde;o pr&eacute;-fermentativa a frio, seguida de um processo tradicional com delestage (separa&ccedil;&atilde;o das sementes), controle rigoroso de temperatura e uso de leveduras selecionadas. Ap&oacute;s a fermenta&ccedil;&atilde;o, o vinho &eacute; envelhecido por 12 meses em barricas de carvalho, com 50% do tempo em carvalho franc&ecirc;s e 50% em carvalho americano, resultando em uma complexidade arom&aacute;tica e estrutura refinada.
Perfeito para acompanhar grelhados, massas e queijos de estrutura, este vinho se destaca em harmoniza&ccedil;&otilde;es com pratos robustos e saborosos.
COMENT&Aacute;RIO DO EN&Oacute;LOGO
&quot;Vinho l&iacute;mpido e brilhante de colora&ccedil;&atilde;o intensa com tonalidade rubi. Possui aromas de frutas vermelhas maduras, chocolate e especiarias. No paladar apresenta bom volume de boca, macio, equilibrado e com grande classe.&quot;&amp;nbsp;F&aacute;bio G&oacute;es, En&oacute;logo da Vin&iacute;cola G&oacute;es","""Vinho límpido e brilhante de coloração intensa com tonalidade rubi. Possui aromas de frutas vermelhas maduras, chocolate e especiarias. No paladar apresenta bom volume de boca, macio, equilibrado e com grande classe."" Fábio Góes, Enólogo da Vinícola Góes",,,Casa Venturini,Merlot,Tinto,750ml,"Carnes Vermelhas,",Região,Campos de Cima da Serra / RS,2021,"12,7%",12 meses em barricas de carvalho francês (50%) e carvalho americano (50%),16ºC a 18ºC
https://www.vinicolagoes.com.br/vinho-tinto-goes-tempos-cabernet-sauvignon-seco-bag-in-box-3-litros,Vinho Tinto Góes Tempos Cabernet Sauvignon Seco Bag in Box 3 Litros,"R$ 58,50",58.5,6888435,"O Vinho Tinto G&oacute;es Tempos Cabernet Sauvignon Seco &eacute; uma excelente escolha para os amantes de vinhos encorpados e arom&aacute;ticos. Este vinho tinto fino seco &eacute; elaborado exclusivamente com uvas vin&iacute;feras 100% Cabernet Sauvignon, resultando em um vinho macio e de f&aacute;cil consumo. Apresenta tonalidades que v&atilde;o do vermelho rubi ao p&uacute;rpura, com aspecto l&iacute;mpido e brilhante. N&atilde;o &eacute; safrado, pois h&aacute; um blend (corte) entre safras, garantindo uma consist&ecirc;ncia no sabor e na qualidade.
Oferecido em uma pr&aacute;tica embalagem Bag in Box de 3 litros, este vinho possui um sistema a v&aacute;cuo que impede a oxida&ccedil;&atilde;o, mantendo suas propriedades por at&eacute; 30 dias ap&oacute;s a abertura. A Bag in Box consiste em uma bolsa pl&aacute;stica de 3 litros conectada a uma torneira para f&aacute;cil extra&ccedil;&atilde;o do vinho, tudo dentro de uma caixa de papel&atilde;o. A veda&ccedil;&atilde;o eficiente evita o contato do vinho com o oxig&ecirc;nio, preservando a qualidade original por semanas ap&oacute;s a abertura.
Perfeito para acompanhar carnes vermelhas com pouco tempero, massas (fusilli, spaghetti, etc.) ao molho marinara ou bolonhesa, peixe assado, queijos e canap&eacute;s, proporcionando uma experi&ecirc;ncia gustativa encorpada e arom&aacute;tica.
COMENT&Aacute;RIO DO EN&Oacute;LOGO
&quot;Elaborado a partir de uva vin&iacute;fera 100% cabernet sauvignon, resulta num vinho macio e de f&aacute;cil consumo.&quot;&amp;nbsp;F&aacute;bio G&oacute;es, En&oacute;logo da Vin&iacute;cola G&oacute;es","""Elaborado a partir de uva vinífera 100% cabernet sauvignon, resulta num vinho macio e de fácil consumo."" Fábio Góes, Enólogo da Vinícola Góes",,,Vinícola Góes,Cabernet Sauvignon,Tinto,3 Litros,"Carnes Vermelhas,",Região,São Roque / SP,,11%,Tanques de aço inox,16ºC a 18ºC
https://www.vinicolagoes.com.br/vinho-tinto-goes-tradicao-bordo-seco-bag-in-box-5-litros,Vinho Tinto Góes Tradição Bordô Seco Bag in Box 5 Litros,"R$ 26,90",26.9,6888434,"O Vinho Tinto de Mesa G&oacute;es Tradi&ccedil;&atilde;o Bord&ocirc; Seco &eacute; uma excelente op&ccedil;&atilde;o para os apreciadores de vinhos encorpados e arom&aacute;ticos. Este vinho &eacute; elaborado com cortes de uvas Isabel e predomin&acirc;ncia da uva Bord&ocirc;, resultando em uma colora&ccedil;&atilde;o rubi intensa e aromas t&iacute;picos das variedades utilizadas.
Oferecido em uma pr&aacute;tica embalagem Bag in Box de 5 litros, este vinho possui um sistema a v&aacute;cuo que impede a oxida&ccedil;&atilde;o, mantendo suas propriedades por at&eacute; 30 dias ap&oacute;s a abertura. A Bag in Box consiste em uma bolsa pl&aacute;stica de 5 litros conectada a uma torneira para f&aacute;cil extra&ccedil;&atilde;o do vinho, tudo dentro de uma caixa de papel&atilde;o. A veda&ccedil;&atilde;o eficiente evita o contato do vinho com o oxig&ecirc;nio, preservando a qualidade original por semanas ap&oacute;s a abertura.
Perfeito para acompanhar carnes vermelhas, massas, queijos e canap&eacute;s, proporcionando uma experi&ecirc;ncia gustativa encorpada e arom&aacute;tica.
COMENT&Aacute;RIO DO EN&Oacute;LOGO
&quot;Com cortes de uva Isabel e predomin&acirc;ncia da uva Bord&ocirc;, obtendo-se um vinho de cor rubi intenso, aroma t&iacute;pico das variedades e paladar agrad&aacute;vel.&quot;&amp;nbsp;F&aacute;bio G&oacute;es, En&oacute;logo da Vin&iacute;cola G&oacute;es","""Com cortes de uva Isabel e predominância da uva Bordô, obtendo-se um vinho de cor rubi intenso, aroma típico das variedades e paladar agradável."" Fábio Góes, Enólogo da Vinícola Góes",,,Vinícola Góes,"Bordô,",Tinto,5 Litros,"Carnes Vermelhas,",Região,São Roque / SP,,"10,5%",Tanques de aço inox,14ºC a 16ºC
https://www.vinicolagoes.com.br/vinho-tinto-quinta-jubair-bordo-suave-bag-in-box-3-litros,Vinho Tinto Quinta Jubair Bordo Suave Bag in Box 3 Litros,"R$ 26,90",26.9,6888433,"O Vinho Tinto de Mesa Quinta Jubair Bord&ocirc; Suave, tamb&eacute;m conhecido como &quot;Madur&atilde;o&quot;, &eacute; um l&iacute;der de vendas que encanta pelo seu paladar fino e aveludado. Este vinho &eacute; elaborado exclusivamente com a variedade de uva Bord&ocirc;, resultando em uma colora&ccedil;&atilde;o rubi intensa e aromas t&iacute;picos da variedade.
Este vinho &eacute; oferecido em uma pr&aacute;tica embalagem Bag in Box de 3 litros, que utiliza um sistema a v&aacute;cuo para impedir a oxida&ccedil;&atilde;o do vinho, preservando suas propriedades por at&eacute; 30 dias ap&oacute;s a abertura. A Bag in Box consiste em uma bolsa pl&aacute;stica de 3 litros, conectada a uma torneira para f&aacute;cil extra&ccedil;&atilde;o do vinho, tudo dentro de uma caixa de papel&atilde;o. A veda&ccedil;&atilde;o eficiente evita o contato do vinho com o oxig&ecirc;nio, garantindo a qualidade original da bebida por semanas ap&oacute;s a abertura.
Ideal para acompanhar carnes vermelhas, massas, queijos e canap&eacute;s, proporcionando uma experi&ecirc;ncia gustativa encorpada e aveludada.
COMENT&Aacute;RIO DO EN&Oacute;LOGO
&quot;L&iacute;der em vendas e tamb&eacute;m denominado &#039;Madur&atilde;o&#039;. Elaborado com a variedade &#039;bordo&#039;, resulta num vinho de cor rubi intenso, encorpado, de paladar fino e aveludado, e aromas t&iacute;picos da variedade.&quot;&amp;nbsp;F&aacute;bio G&oacute;es, En&oacute;logo da Vin&iacute;cola G&oacute;es","""Líder em vendas e também denominado 'Madurão'. Elaborado com a variedade 'bordo', resulta num vinho de cor rubi intenso, encorpado, de paladar fino e aveludado, e aromas típicos da variedade."" Fábio Góes, Enólogo da Vinícola Góes",,,Quinta Jubair,Bordô,Tinto,3 Litros,"Carnes Vermelhas,",Região,São Roque / SP,,"10,5%",Tanques de aço inox,8ºC a 10ºC
https://www.vinicolagoes.com.br/vinho-tinto-goes-tradicao-bordo-suave-bag-in-box-5-litros,Vinho Tinto Góes Tradição Bordô Suave Bag in Box 5 Litros,"R$ 26,90",26.9,6888432,"O Vinho Tinto de Mesa G&oacute;es Tradi&ccedil;&atilde;o - Bord&ocirc; Suave &eacute; elaborado com cortes de uvas Isabel e predomin&acirc;ncia da uva Bord&ocirc;, resultando em um vinho de paladar suave e colora&ccedil;&atilde;o rubi intensa, com aromas t&iacute;picos das variedades utilizadas.
Este vinho &eacute; oferecido em uma pr&aacute;tica embalagem Bag in Box de 5 litros, que utiliza um sistema a v&aacute;cuo para impedir a oxida&ccedil;&atilde;o do vinho, preservando suas propriedades por at&eacute; 30 dias ap&oacute;s a abertura. A Bag in Box consiste em uma bolsa pl&aacute;stica de 5 litros, conectada a uma torneira para f&aacute;cil extra&ccedil;&atilde;o do vinho, tudo dentro de uma caixa de papel&atilde;o. A veda&ccedil;&atilde;o eficiente evita o contato do vinho com o oxig&ecirc;nio, garantindo a qualidade original da bebida por semanas ap&oacute;s a abertura.
Ideal para acompanhar carnes vermelhas, massas, queijos e canap&eacute;s, proporcionando uma experi&ecirc;ncia gustativa suave e agrad&aacute;vel.
COMENT&Aacute;RIO DO EN&Oacute;LOGO
&quot;Com cortes de uva Isabel e predomin&acirc;ncia da uva Bord&ocirc;, obt&eacute;m-se um vinho de paladar suave, colora&ccedil;&atilde;o rubi intensa, aroma t&iacute;picos das variedades.&quot;&amp;nbsp;F&aacute;bio G&oacute;es, En&oacute;logo da Vin&iacute;cola G&oacute;es","""Com cortes de uva Isabel e predominância da uva Bordô, obtém-se um vinho de paladar suave, coloração rubi intensa, aroma típicos das variedades."" Fábio Góes, Enólogo da Vinícola Góes",,,Vinícola Góes,"Bordô,",Tinto,5 Litros,"Carnes Vermelhas,",Região,São Roque / SP,,"10,5%",Tanques de aço inox,9ºC a 10ºC
https://www.vinicolagoes.com.br/vinho-branco-goes-original-seco-bag-in-box-5-litros,Vinho Branco Góes Original Seco Bag in Box 5 Litros,"R$ 115,00",115.0,6887739,"O Vinho Branco de Mesa G&oacute;es Original Seco &eacute; elaborado exclusivamente a partir da uva Ni&aacute;gara Branca (100%), resultando em uma bebida de colora&ccedil;&atilde;o amarelo palha, com paladar e aroma intensos, caracter&iacute;sticos dessa variedade. Este vinho &eacute; apresentado na pr&aacute;tica embalagem Bag in Box de 5 litros, que possui um sistema a v&aacute;cuo inovador, impedindo a oxida&ccedil;&atilde;o do vinho e preservando suas propriedades por at&eacute; 30 dias ap&oacute;s a abertura.
A embalagem Bag in Box consiste em uma bolsa pl&aacute;stica de 5 litros, conectada a uma torneira para f&aacute;cil extra&ccedil;&atilde;o do vinho, e embalada dentro de uma caixa de papel&atilde;o. Esta veda&ccedil;&atilde;o eficiente evita o contato do vinho com o oxig&ecirc;nio, garantindo a qualidade original da bebida por semanas ap&oacute;s a abertura.
Acompanha carnes brancas, peixes e queijos leves, tornando-se uma escolha vers&aacute;til para diversas ocasi&otilde;es e refei&ccedil;&otilde;es.
COMENT&Aacute;RIO DO EN&Oacute;LOGO
&quot;Obtido a partir da uva ni&aacute;gara branca (100%), &eacute; um vinho de colora&ccedil;&atilde;o amarelo palha, paladar e aroma intenso t&iacute;pico da variedade.&quot;&amp;nbsp;F&aacute;bio G&oacute;es, En&oacute;logo da Vin&iacute;cola G&oacute;es","""Obtido a partir da uva niágara branca (100%), é um vinho de coloração amarelo palha, paladar e aroma intenso típico da variedade."" Fábio Góes, Enólogo da Vinícola Góes",,,Vinícola Góes,Niágara Branca,Branco,5 Litros,"Carnes Brancas,",Região,São Roque / SP,,"10,5%",Tanques de aço inox,10ºC a 12ºC
https://www.vinicolagoes.com.br/vinho-tinto-simis-cabernet-sauvignon-gran-reserva-2019,Vinho Tinto Simis Cabernet Sauvignon Gran Reserva 2019,"R$ 136,00",136.0,6878586,"Simis Cabernet Sauvignon Gran Reserva 2019 &eacute; um vinho tinto fino seco, elaborado a partir da variedade Cabernet Sauvignon. Origin&aacute;rio da Vi&ntilde;a Santa Irene, no Chile, da regi&atilde;o do Vale do Curic&oacute;, setor Rauco/Sagrada Fam&iacute;lia, considerado um dos melhores terroirs para vinhos tintos, com destaque para a variedade Cabernet Sauvignon. Situado a 200 km ao sul de Santiago, o local possui um clima mediterr&acirc;neo, influenciado pelas frias correntes do Pac&iacute;fico.
A vinifica&ccedil;&atilde;o tradicional em tinto inclui macera&ccedil;&atilde;o pr&eacute;-fermentativa a frio por 5 a 6 dias, com uma concentra&ccedil;&atilde;o s&oacute;lido x l&iacute;quido de 10%, adi&ccedil;&atilde;o de leveduras selecionadas e fermenta&ccedil;&atilde;o alco&oacute;lica de 7 a 10 dias, utilizando a t&eacute;cnica de remontagem australiana. Ap&oacute;s a fermenta&ccedil;&atilde;o, o vinho passa por fermenta&ccedil;&atilde;o malol&aacute;tica dentro das barricas de carvalho.
Este vinho, com gradua&ccedil;&atilde;o alco&oacute;lica de 14,0% vol., deve ser servido entre 16&ordm;C e 18&ordm;C. Maturado por 10 meses em carvalho franc&ecirc;s e americano de 1&ordm; e 2&ordm; uso, seguido por mais 6 meses de garrafa, apresenta colora&ccedil;&atilde;o vermelho rubi, l&iacute;mpido e brilhante. Aromaticamente, destaca-se pela complexidade, com notas de cereja, figo, frutas negras maduras como amora, al&eacute;m de tabaco, baunilha e chocolate meio amargo. No paladar, revela muita estrutura, sendo saboroso e untuoso, com &oacute;timo corpo, taninos presentes, por&eacute;m redondos e maduros, e um final de boca agrad&aacute;vel e persistente.
Este vinho harmoniza perfeitamente com queijos mais salgados e gordurosos, como parmes&atilde;o e provolone, al&eacute;m de pratos de lasanha ou massas recheadas com molhos vermelhos intensos. Tamb&eacute;m &eacute; uma excelente escolha para risotos com lingui&ccedil;a ou cogumelos, carnes de sabores intensos como javali, picanha e cupim, feitas na brasa ou no forno.
COMENT&Aacute;RIO DO EN&Oacute;LOGO
&quot;Vinho l&iacute;mpido e brilhante, com colora&ccedil;&atilde;o vermelho rubi. Vinho intenso, com complexidade arom&aacute;tica, notas de cereja, figo e frutas negras maduras como amora, tabaco, baunilha e chocolate meio amargo. Paladar com muita estrutura, saboroso e untuoso, &oacute;timo corpo, taninos presentes mais redondos e maduros e com um final de boca super agrad&aacute;vel e persistente.&quot; F&aacute;bio G&oacute;es - En&oacute;logo da Vin&iacute;cola G&oacute;es","""Vinho límpido e brilhante, com coloração vermelho rubi. Vinho intenso, com complexidade aromática, notas de cereja, figo e frutas negras maduras como amora, tabaco, baunilha e chocolate meio amargo. Paladar com muita estrutura, saboroso e untuoso, ótimo corpo, taninos presentes mais redondos e maduros e com um final de boca super agradável e persistente."" Fábio Góes - Enólogo da Vinícola Góes { ""image1"": ""https://cdn.dooca.store/158171/products/qo1mrdylixddysxzn2t3hvrvstrxmnzlcwry.jpg?v=1722640536"", ""image2"": """", ""grid_id"": ""6878586"", ""price"": ""\n\n\n\n<style>\n .product-card-price:not(.f-creditcard):not(.f-billet-cc) b {\n font-weight: normal;\n font-size: var(--tx-fs, 14px);\n }\n<\/style>\n\n<div class=\""product-card-price m-final \"">\n \n <div class=\""final\"">\n <div class=\""price\"">R$ 136,00<\/div>\n <\/div>\n \n \n \n \n \n \n \n<\/div>"" } Explore Vinhos Espumantes Sucos Grape Cool Coolers Kits Institucional Vinícola Enoturismo Política de Frete Trocas e Devoluções Política de Privacidade Mais Blog Cupom 1ª Compra CashBack English Version Central de atendimento faleconosco@vinicolagoes.com.br call Vinícola: 11 4711.3500 Enoturismo: 11 99787.0588 Seg a Sex das 8h-12h / 14h-17h Receba novidades e promoções OK Cadastro realizado com sucesso E-mail já cadastrado Pagamento Segurança Vinho Tinto Simis Cabernet Sauvignon Gran Reserva 2019 | Vinícola Góes VITIVINICOLA GOES | CNPJ 57.563.334/0001-90 Estrada do Vinho, 9111 - Canguera - São Roque/SP - CEP 18.145-002 Criar loja virtual com a plataforma Bagy Utilizamos cookies para melhorar a sua experiência em nosso site. Ao continuar navegando você concorda com a nossa política de privacidade . Continuar e fechar",,,Viña Santa Irene,Cabernet Sauvignon,Tinto,750ml,"Queijos Maturados,",,Vale do Curicó,2019,14%,"10 meses em carvalho francês e americano de 1º e 2º uso, mais 6 meses em garrafa",16ºC a 18ºC
https://www.vinicolagoes.com.br/vinho-rose-tempos-de-goes-reservado-moscato-e-cabernet-sauvignon-demi-sec,Vinho Rosé Tempos de Góes Reservado Moscato e Cabernet Sauvignon Demi-Sec,"R$ 58,50",58.5,6939850,"&ldquo;Tempos de G&oacute;es&rdquo; &eacute; uma homenagem &agrave; nossa hist&oacute;ria, um tributo aos anjos que nos guiam e atestam uma heran&ccedil;a de trabalho, persist&ecirc;ncia e paix&atilde;o. Este vinho celebra nosso compromisso com o futuro, nutrido por um passado rico e pela generosidade de nossa terra.
Este vinho ros&eacute; demi-sec &eacute; elaborado a partir das variedades Moscato e Cabernet Sauvignon, com origem 100% em S&atilde;o Roque, na regi&atilde;o leste de S&atilde;o Paulo. A combina&ccedil;&atilde;o dessas uvas resulta em um vinho macio e f&aacute;cil de apreciar. O processo de vinifica&ccedil;&atilde;o &eacute; tradicional para ros&eacute;s, com controle rigoroso de temperatura e adi&ccedil;&atilde;o de leveduras selecionadas. Apresenta uma tonalidade ros&eacute; salm&atilde;o, com aspecto l&iacute;mpido e brilhante, al&eacute;m de um aroma delicado de frutas vermelhas frescas, como morango e amora.
Este ros&eacute; &eacute; ideal para acompanhar petiscos, pizza, saladas e peixes, sendo uma excelente escolha para momentos descontra&iacute;dos.
COMENT&Aacute;RIO DO EN&Oacute;LOGO
&quot;Elaborado a partir das variedades Moscato e Cabernet Sauvignon, este vinho jovem &eacute; agrad&aacute;vel ao paladar, com uma acidez equilibrada e um retrogosto frutado.&quot;&amp;nbsp;F&aacute;bio G&oacute;es,&amp;nbsp;En&oacute;logo da Vin&iacute;cola G&oacute;es","""Elaborado a partir das variedades Moscato e Cabernet Sauvignon, este vinho jovem é agradável ao paladar, com uma acidez equilibrada e um retrogosto frutado."" Fábio Góes, Enólogo da Vinícola Góes",,,Vinícola Góes,"Moscato,",Rosé,750ml,"Pizzas,",Região,São Roque / SP,,11%,Tanques de aço inox,8ºC a 10ºC
https://www.vinicolagoes.com.br/goes-lotes-de-colecao-petit-verdot-2022,Góes Lotes de Coleção Petit Verdot 2022,"R$ 235,00",235.0,8729512,"O G&oacute;es Lotes de Cole&ccedil;&atilde;o Petit Verdot &eacute; um vinho tinto fino seco, elaborado com a variedade Petit Verdot, proveniente de S&atilde;o Roque. A colheita de inverno de junho de 2022 resultou em um vinho de alta qualidade, com vinifica&ccedil;&atilde;o tradicional em tintos, incluindo macera&ccedil;&atilde;o pr&eacute;-fermentativa a frio por 2 dias, adi&ccedil;&atilde;o de levedura selecionada e controle rigoroso de temperatura. Com 4 meses de matura&ccedil;&atilde;o em carvalho franc&ecirc;s de primeiro e segundo uso, este vinho apresenta uma colora&ccedil;&atilde;o vermelho rubi/viol&aacute;ceo, com aromas de groselha, violetas, frutas negras como amora em compota, e um leve toque de especiarias e s&aacute;lvia. No paladar, &eacute; redondo, macio, com boa acidez e taninos agrad&aacute;veis. Ideal para harmonizar com frios defumados, churrasco com molho adocicado, lingui&ccedil;as grelhadas com ervas e alho, queijos fortes como gorgonzola e risoto de lingui&ccedil;a com ervas. COMENT&Aacute;RIO DO EN&Oacute;LOGO &quot;Vinho l&iacute;mpido e brilhante, vermelho rubi/viol&aacute;ceo. Aromas deliciosos de groselha, violetas (tradicional dessa variedade), frutas negras como a amora em compota (mas n&atilde;o excessivamente doce) e um toque de especiarias bem leve al&eacute;m de s&aacute;lvia. Em boca &eacute; redondo, macio, com boa acidez e taninos agrad&aacute;veis.&quot; F&aacute;bio G&oacute;es - En&oacute;logo da Vin&iacute;cola G&oacute;es","""Vinho límpido e brilhante, vermelho rubi/violáceo. Aromas deliciosos de groselha, violetas (tradicional dessa variedade), frutas negras como a amora em compota (mas não excessivamente doce) e um toque de especiarias bem leve além de sálvia. Em boca é redondo, macio, com boa acidez e taninos agradáveis."" Fábio Góes - Enólogo da Vinícola Góes",,,Vinícola Góes,,,,,,,,,,
https://www.vinicolagoes.com.br/vinho-tinto-casa-venturini-le-magicien-gran-reserva-2020,Vinho Tinto Casa Venturini Le Magicien Gran Reserva 2020,"R$ 85,00",85.0,6888854,"O Vinho Tinto Nobre Casa Venturini Le Magicien Gran Reserva 2020 &eacute; um vinho fino seco, elaborado com um blend de 60% Tannat da Campanha Ga&uacute;cha, 25% Cabernet Sauvignon da Serra do Sudeste e 15% Cabernet Franc tamb&eacute;m da Serra do Sudeste - RS. Vinificado de forma tradicional, este vinho passa por uma matura&ccedil;&atilde;o de 25 meses, sendo 60% em barricas de carvalho franc&ecirc;s e 40% em barricas de carvalho americano.
Perfeito para acompanhar pratos condimentados como carnes gordurosas e de ca&ccedil;a, molhos vermelhos e queijos duros, oferecendo uma experi&ecirc;ncia gastron&ocirc;mica completa.
COMENT&Aacute;RIO DO EN&Oacute;LOGO
&quot;Brilhante e de colora&ccedil;&atilde;o p&uacute;rpura intensa, com aromas de frutas negras e vermelhas bem maduras, leve mentol, al&eacute;m de notas de chocolate amargo e caf&eacute; provenientes da passagem em barricas de carvalho. Em boca, apresenta taninos sedosos, bom volume de boca e retrogosto longo, agrad&aacute;vel e fresco.&quot;&amp;nbsp;F&aacute;bio G&oacute;es, En&oacute;logo da Vin&iacute;cola G&oacute;es","""Brilhante e de coloração púrpura intensa, com aromas de frutas negras e vermelhas bem maduras, leve mentol, além de notas de chocolate amargo e café provenientes da passagem em barricas de carvalho. Em boca, apresenta taninos sedosos, bom volume de boca e retrogosto longo, agradável e fresco."" Fábio Góes, Enólogo da Vinícola Góes",,,Casa Venturini,"Tannat,",Tinto,750ml,"Carnes Vermelhas,",Região,Serra do Sudeste / RS,2020,"14,5%",25 meses sendo 60% em barricas francesas e 40% em barricas americanas,16ºC a 17ºC
https://www.vinicolagoes.com.br/vinho-branco-goes-tempos-tropicos-lorena-seco-bag-in-box-3-litros,Vinho Branco Góes Tempos Trópicos Lorena Seco Bag in Box 3 Litros,"R$ 58,50",58.5,6888431,"O Vinho Branco G&oacute;es Tempos Tr&oacute;picos Lorena Seco &eacute; elaborado exclusivamente a partir da uva Lorena, resultando em uma bebida frutada e de f&aacute;cil consumo. Este vinho apresenta tonalidades amarelo claro, com um aspecto l&iacute;mpido e brilhante, sendo produzido 100% no estado de S&atilde;o Paulo.
A pr&aacute;tica embalagem Bag in Box de 3 litros, com sistema a v&aacute;cuo, impede a oxida&ccedil;&atilde;o do vinho, preservando suas propriedades por at&eacute; 30 dias ap&oacute;s a abertura. A Bag in Box consiste em uma bolsa pl&aacute;stica de 3 litros, conectada a uma torneira para f&aacute;cil extra&ccedil;&atilde;o do vinho, dentro de uma caixa de papel&atilde;o. A veda&ccedil;&atilde;o eficiente evita o contato do vinho com o oxig&ecirc;nio, garantindo a qualidade original da bebida por semanas ap&oacute;s a abertura.
Acompanha pratos leves, como peixes e queijos leves, sendo ideal para refei&ccedil;&otilde;es mais refrescantes e descontra&iacute;das.
COMENT&Aacute;RIO DO EN&Oacute;LOGO
&quot;Vinho branco seco, elaborado a partir da uva Lorena, resulta em um vinho refrescante e arom&aacute;tico.&quot;&amp;nbsp;F&aacute;bio G&oacute;es, En&oacute;logo da Vin&iacute;cola G&oacute;es","""Vinho branco seco, elaborado a partir da uva Lorena, resulta em um vinho refrescante e aromático."" Fábio Góes, Enólogo da Vinícola Góes",,,Vinícola Góes,Lorena,Branco,3 Litros,"Saladas,",Região,São Roque / SP,,11%,Tanques de aço inox,8ºC a 10ºC
